Country,Category,DateTime,Value,Frequency,HistoricalDataSymbol,LastUpdate
United States,Money Supply M2,1959-01-31T00:00:00,286.6,Monthly,UNITEDSTAMONSUPM2,2012-09-29T00:20:00
United States,Money Supply M2,1959-02-28T00:00:00,287.7,Monthly,UNITEDSTAMONSUPM2,2015-04-25T21:13:00
United States,Money Supply M2,1959-03-31T00:00:00,289.2,Monthly,UNITEDSTAMONSUPM2,2015-04-25T21:13:00
United States,Money Supply M2,1959-04-30T00:00:00,290.1,Monthly,UNITEDSTAMONSUPM2,2012-09-29T00:20:00
United States,Money Supply M2,1959-05-31T00:00:00,292.2,Monthly,UNITEDSTAMONSUPM2,2012-09-29T00:20:00
United States,Money Supply M2,1959-06-30T00:00:00,294.1,Monthly,UNITEDSTAMONSUPM2,2012-09-29T00:20:00
United States,Money Supply M2,1959-07-31T00:00:00,295.2,Monthly,UNITEDSTAMONSUPM2,2012-09-29T00:20:00
United States,Money Supply M2,1959-08-31T00:00:00,296.4,Monthly,UNITEDSTAMONSUPM2,2015-04-25T21:13:00
United States,Money Supply M2,1959-09-30T00:00:00,296.7,Monthly,UNITEDSTAMONSUPM2,2012-09-29T00:20:00
United States,Money Supply M2,1959-10-31T00:00:00,296.5,Monthly,UNITEDSTAMONSUPM2,2012-09-29T00:20:00
United States,Money Supply M2,1959-11-30T00:00:00,297.1,Monthly,UNITEDSTAMONSUPM2,2015-04-25T21:13:00
United States,Money Supply M2,1959-12-31T00:00:00,297.8,Monthly,UNITEDSTAMONSUPM2,2012-09-29T00:20:00
United States,Money Supply M2,1960-01-31T00:00:00,298.2,Monthly,UNITEDSTAMONSUPM2,2012-09-29T00:20:00
United States,Money Supply M2,1960-02-29T00:00:00,298.5,Monthly,UNITEDSTAMONSUPM2,2012-09-29T00:20:00
United States,Money Supply M2,1960-03-31T00:00:00,299.4,Monthly,UNITEDSTAMONSUPM2,2012-09-29T00:20:00
United States,Money Supply M2,1960-04-30T00:00:00,300.1,Monthly,UNITEDSTAMONSUPM2,2012-09-29T00:20:00
United States,Money Supply M2,1960-05-31T00:00:00,300.9,Monthly,UNITEDSTAMONSUPM2,2015-04-25T21:13:00
United States,Money Supply M2,1960-06-30T00:00:00,302.3,Monthly,UNITEDSTAMONSUPM2,2012-09-29T00:20:00
United States,Money Supply M2,1960-07-31T00:00:00,304.1,Monthly,UNITEDSTAMONSUPM2,2012-09-29T00:20:00
United States,Money Supply M2,1960-08-31T00:00:00,306.9,Monthly,UNITEDSTAMONSUPM2,2012-09-29T00:20:00
United States,Money Supply M2,1960-09-30T00:00:00,308.4,Monthly,UNITEDSTAMONSUPM2,2012-09-29T00:20:00
United States,Money Supply M2,1960-10-31T00:00:00,309.5,Monthly,UNITEDSTAMONSUPM2,2015-04-25T21:13:00
United States,Money Supply M2,1960-11-30T00:00:00,310.9,Monthly,UNITEDSTAMONSUPM2,2012-09-29T00:20:00
United States,Money Supply M2,1960-12-31T00:00:00,312.4,Monthly,UNITEDSTAMONSUPM2,2012-09-29T00:20:00
United States,Money Supply M2,1961-01-31T00:00:00,314.1,Monthly,UNITEDSTAMONSUPM2,2015-04-25T21:13:00
United States,Money Supply M2,1961-02-28T00:00:00,316.5,Monthly,UNITEDSTAMONSUPM2,2012-09-29T00:20:00
United States,Money Supply M2,1961-03-31T00:00:00,318.3,Monthly,UNITEDSTAMONSUPM2,2012-09-29T00:20:00
United States,Money Supply M2,1961-04-30T00:00:00,319.9,Monthly,UNITEDSTAMONSUPM2,2015-04-25T21:13:00
United States,Money Supply M2,1961-05-31T00:00:00,322.2,Monthly,UNITEDSTAMONSUPM2,2012-09-29T00:20:00
United States,Money Supply M2,1961-06-30T00:00:00,324.3,Monthly,UNITEDSTAMONSUPM2,2012-09-29T00:20:00
United States,Money Supply M2,1961-07-31T00:00:00,325.6,Monthly,UNITEDSTAMONSUPM2,2015-04-25T21:13:00
United States,Money Supply M2,1961-08-31T00:00:00,327.6,Monthly,UNITEDSTAMONSUPM2,2012-09-29T00:20:00
United States,Money Supply M2,1961-09-30T00:00:00,329.5,Monthly,UNITEDSTAMONSUPM2,2012-09-29T00:20:00
United States,Money Supply M2,1961-10-31T00:00:00,331.1,Monthly,UNITEDSTAMONSUPM2,2015-04-25T21:13:00
United States,Money Supply M2,1961-11-30T00:00:00,333.4,Monthly,UNITEDSTAMONSUPM2,2012-09-29T00:20:00
United States,Money Supply M2,1961-12-31T00:00:00,335.5,Monthly,UNITEDSTAMONSUPM2,2012-09-29T00:20:00
United States,Money Supply M2,1962-01-31T00:00:00,337.5,Monthly,UNITEDSTAMONSUPM2,2012-09-29T00:20:00
United States,Money Supply M2,1962-02-28T00:00:00,340.1,Monthly,UNITEDSTAMONSUPM2,2012-09-29T00:20:00
United States,Money Supply M2,1962-03-31T00:00:00,343.1,Monthly,UNITEDSTAMONSUPM2,2012-09-29T00:20:00
United States,Money Supply M2,1962-04-30T00:00:00,345.5,Monthly,UNITEDSTAMONSUPM2,2015-04-25T21:13:00
United States,Money Supply M2,1962-05-31T00:00:00,347.5,Monthly,UNITEDSTAMONSUPM2,2012-09-29T00:20:00
United States,Money Supply M2,1962-06-30T00:00:00,349.3,Monthly,UNITEDSTAMONSUPM2,2012-09-29T00:20:00
United States,Money Supply M2,1962-07-31T00:00:00,350.8,Monthly,UNITEDSTAMONSUPM2,2015-04-25T21:13:00
United States,Money Supply M2,1962-08-31T00:00:00,352.8,Monthly,UNITEDSTAMONSUPM2,2012-09-29T00:20:00
United States,Money Supply M2,1962-09-30T00:00:00,354.9,Monthly,UNITEDSTAMONSUPM2,2015-04-25T21:13:00
United States,Money Supply M2,1962-10-31T00:00:00,357.2,Monthly,UNITEDSTAMONSUPM2,2012-09-29T00:20:00
United States,Money Supply M2,1962-11-30T00:00:00,359.8,Monthly,UNITEDSTAMONSUPM2,2012-09-29T00:20:00
United States,Money Supply M2,1962-12-31T00:00:00,362.7,Monthly,UNITEDSTAMONSUPM2,2015-04-25T21:13:00
United States,Money Supply M2,1963-01-31T00:00:00,365.2,Monthly,UNITEDSTAMONSUPM2,2012-09-29T00:20:00
United States,Money Supply M2,1963-02-28T00:00:00,367.9,Monthly,UNITEDSTAMONSUPM2,2012-09-29T00:20:00
United States,Money Supply M2,1963-03-31T00:00:00,370.7,Monthly,UNITEDSTAMONSUPM2,2012-09-29T00:20:00
United States,Money Supply M2,1963-04-30T00:00:00,373.3,Monthly,UNITEDSTAMONSUPM2,2012-09-29T00:20:00
United States,Money Supply M2,1963-05-31T00:00:00,376.1,Monthly,UNITEDSTAMONSUPM2,2012-09-29T00:20:00
United States,Money Supply M2,1963-06-30T00:00:00,378.4,Monthly,UNITEDSTAMONSUPM2,2015-04-25T21:13:00
United States,Money Supply M2,1963-07-31T00:00:00,381.1,Monthly,UNITEDSTAMONSUPM2,2012-09-29T00:20:00
United States,Money Supply M2,1963-08-31T00:00:00,383.6,Monthly,UNITEDSTAMONSUPM2,2012-09-29T00:20:00
United States,Money Supply M2,1963-09-30T00:00:00,386,Monthly,UNITEDSTAMONSUPM2,2015-04-25T21:13:00
United States,Money Supply M2,1963-10-31T00:00:00,388.3,Monthly,UNITEDSTAMONSUPM2,2012-09-29T00:20:00
United States,Money Supply M2,1963-11-30T00:00:00,391.5,Monthly,UNITEDSTAMONSUPM2,2012-09-29T00:20:00
United States,Money Supply M2,1963-12-31T00:00:00,393.2,Monthly,UNITEDSTAMONSUPM2,2015-04-25T21:13:00
United States,Money Supply M2,1964-01-31T00:00:00,395.2,Monthly,UNITEDSTAMONSUPM2,2012-09-29T00:20:00
United States,Money Supply M2,1964-02-29T00:00:00,397.6,Monthly,UNITEDSTAMONSUPM2,2015-04-25T21:13:00
United States,Money Supply M2,1964-03-31T00:00:00,399.8,Monthly,UNITEDSTAMONSUPM2,2015-04-25T21:13:00
United States,Money Supply M2,1964-04-30T00:00:00,401.7,Monthly,UNITEDSTAMONSUPM2,2012-09-29T00:20:00
United States,Money Supply M2,1964-05-31T00:00:00,404.2,Monthly,UNITEDSTAMONSUPM2,2012-09-29T00:20:00
United States,Money Supply M2,1964-06-30T00:00:00,407.1,Monthly,UNITEDSTAMONSUPM2,2012-09-29T00:20:00
United States,Money Supply M2,1964-07-31T00:00:00,410.1,Monthly,UNITEDSTAMONSUPM2,2012-09-29T00:20:00
United States,Money Supply M2,1964-08-31T00:00:00,413.4,Monthly,UNITEDSTAMONSUPM2,2015-04-25T21:13:00
United States,Money Supply M2,1964-09-30T00:00:00,416.9,Monthly,UNITEDSTAMONSUPM2,2012-09-29T00:20:00
United States,Money Supply M2,1964-10-31T00:00:00,419.1,Monthly,UNITEDSTAMONSUPM2,2012-09-29T00:20:00
United States,Money Supply M2,1964-11-30T00:00:00,422,Monthly,UNITEDSTAMONSUPM2,2015-04-25T21:13:00
United States,Money Supply M2,1964-12-31T00:00:00,424.7,Monthly,UNITEDSTAMONSUPM2,2012-09-29T00:20:00
United States,Money Supply M2,1965-01-31T00:00:00,427.5,Monthly,UNITEDSTAMONSUPM2,2012-09-29T00:20:00
United States,Money Supply M2,1965-02-28T00:00:00,430.4,Monthly,UNITEDSTAMONSUPM2,2012-09-29T00:20:00
United States,Money Supply M2,1965-03-31T00:00:00,433.2,Monthly,UNITEDSTAMONSUPM2,2012-09-29T00:20:00
United States,Money Supply M2,1965-04-30T00:00:00,435.4,Monthly,UNITEDSTAMONSUPM2,2012-09-29T00:20:00
United States,Money Supply M2,1965-05-31T00:00:00,437.1,Monthly,UNITEDSTAMONSUPM2,2015-04-25T21:13:00
United States,Money Supply M2,1965-06-30T00:00:00,440.1,Monthly,UNITEDSTAMONSUPM2,2012-09-29T00:20:00
United States,Money Supply M2,1965-07-31T00:00:00,442.9,Monthly,UNITEDSTAMONSUPM2,2012-09-29T00:20:00
United States,Money Supply M2,1965-08-31T00:00:00,445.8,Monthly,UNITEDSTAMONSUPM2,2015-04-25T21:13:00
United States,Money Supply M2,1965-09-30T00:00:00,449.5,Monthly,UNITEDSTAMONSUPM2,2012-09-29T00:20:00
United States,Money Supply M2,1965-10-31T00:00:00,452.6,Monthly,UNITEDSTAMONSUPM2,2012-09-29T00:20:00
United States,Money Supply M2,1965-11-30T00:00:00,455.7,Monthly,UNITEDSTAMONSUPM2,2012-09-29T00:20:00
United States,Money Supply M2,1965-12-31T00:00:00,459.2,Monthly,UNITEDSTAMONSUPM2,2012-09-29T00:20:00
United States,Money Supply M2,1966-01-31T00:00:00,462,Monthly,UNITEDSTAMONSUPM2,2015-04-25T21:13:00
United States,Money Supply M2,1966-02-28T00:00:00,464.6,Monthly,UNITEDSTAMONSUPM2,2012-09-29T00:20:00
United States,Money Supply M2,1966-03-31T00:00:00,467.2,Monthly,UNITEDSTAMONSUPM2,2012-09-29T00:20:00
United States,Money Supply M2,1966-04-30T00:00:00,469.3,Monthly,UNITEDSTAMONSUPM2,2012-09-29T00:20:00
United States,Money Supply M2,1966-05-31T00:00:00,470.1,Monthly,UNITEDSTAMONSUPM2,2015-04-25T21:13:00
United States,Money Supply M2,1966-06-30T00:00:00,471.2,Monthly,UNITEDSTAMONSUPM2,2012-09-29T00:20:00
United States,Money Supply M2,1966-07-31T00:00:00,470.9,Monthly,UNITEDSTAMONSUPM2,2012-09-29T00:20:00
United States,Money Supply M2,1966-08-31T00:00:00,472.6,Monthly,UNITEDSTAMONSUPM2,2012-09-29T00:20:00
United States,Money Supply M2,1966-09-30T00:00:00,475.4,Monthly,UNITEDSTAMONSUPM2,2012-09-29T00:20:00
United States,Money Supply M2,1966-10-31T00:00:00,475.7,Monthly,UNITEDSTAMONSUPM2,2015-04-25T21:13:00
United States,Money Supply M2,1966-11-30T00:00:00,477.3,Monthly,UNITEDSTAMONSUPM2,2012-09-29T00:20:00
United States,Money Supply M2,1966-12-31T00:00:00,480.2,Monthly,UNITEDSTAMONSUPM2,2012-09-29T00:20:00
United States,Money Supply M2,1967-01-31T00:00:00,481.6,Monthly,UNITEDSTAMONSUPM2,2015-04-25T21:13:00
United States,Money Supply M2,1967-02-28T00:00:00,485.1,Monthly,UNITEDSTAMONSUPM2,2012-09-29T00:20:00
United States,Money Supply M2,1967-03-31T00:00:00,489.7,Monthly,UNITEDSTAMONSUPM2,2012-09-29T00:20:00
United States,Money Supply M2,1967-04-30T00:00:00,492.1,Monthly,UNITEDSTAMONSUPM2,2015-04-25T21:13:00
United States,Money Supply M2,1967-05-31T00:00:00,497.2,Monthly,UNITEDSTAMONSUPM2,2012-09-29T00:20:00
United States,Money Supply M2,1967-06-30T00:00:00,502,Monthly,UNITEDSTAMONSUPM2,2012-09-29T00:20:00
United States,Money Supply M2,1967-07-31T00:00:00,506.3,Monthly,UNITEDSTAMONSUPM2,2015-04-25T21:13:00
United States,Money Supply M2,1967-08-31T00:00:00,510.8,Monthly,UNITEDSTAMONSUPM2,2012-09-29T00:20:00
United States,Money Supply M2,1967-09-30T00:00:00,514.7,Monthly,UNITEDSTAMONSUPM2,2012-09-29T00:20:00
United States,Money Supply M2,1967-10-31T00:00:00,518.2,Monthly,UNITEDSTAMONSUPM2,2015-04-25T21:13:00
United States,Money Supply M2,1967-11-30T00:00:00,521.2,Monthly,UNITEDSTAMONSUPM2,2012-09-29T00:20:00
United States,Money Supply M2,1967-12-31T00:00:00,524.8,Monthly,UNITEDSTAMONSUPM2,2012-09-29T00:20:00
United States,Money Supply M2,1968-01-31T00:00:00,527.4,Monthly,UNITEDSTAMONSUPM2,2012-09-29T00:20:00
United States,Money Supply M2,1968-02-29T00:00:00,530.4,Monthly,UNITEDSTAMONSUPM2,2012-09-29T00:20:00
United States,Money Supply M2,1968-03-31T00:00:00,533.2,Monthly,UNITEDSTAMONSUPM2,2012-09-29T00:20:00
United States,Money Supply M2,1968-04-30T00:00:00,535.7,Monthly,UNITEDSTAMONSUPM2,2012-09-29T00:20:00
United States,Money Supply M2,1968-05-31T00:00:00,538.9,Monthly,UNITEDSTAMONSUPM2,2012-09-29T00:20:00
United States,Money Supply M2,1968-06-30T00:00:00,542.6,Monthly,UNITEDSTAMONSUPM2,2015-04-25T21:13:00
United States,Money Supply M2,1968-07-31T00:00:00,545.6,Monthly,UNITEDSTAMONSUPM2,2012-09-29T00:20:00
United States,Money Supply M2,1968-08-31T00:00:00,549.4,Monthly,UNITEDSTAMONSUPM2,2012-09-29T00:20:00
United States,Money Supply M2,1968-09-30T00:00:00,553.6,Monthly,UNITEDSTAMONSUPM2,2015-04-25T21:13:00
United States,Money Supply M2,1968-10-31T00:00:00,557.6,Monthly,UNITEDSTAMONSUPM2,2012-09-29T00:20:00
United States,Money Supply M2,1968-11-30T00:00:00,562.4,Monthly,UNITEDSTAMONSUPM2,2012-09-29T00:20:00
United States,Money Supply M2,1968-12-31T00:00:00,566.8,Monthly,UNITEDSTAMONSUPM2,2015-04-25T21:13:00
United States,Money Supply M2,1969-01-31T00:00:00,569.3,Monthly,UNITEDSTAMONSUPM2,2012-09-29T00:20:00
United States,Money Supply M2,1969-02-28T00:00:00,571.9,Monthly,UNITEDSTAMONSUPM2,2015-04-25T21:13:00
United States,Money Supply M2,1969-03-31T00:00:00,574.4,Monthly,UNITEDSTAMONSUPM2,2015-04-25T21:13:00
United States,Money Supply M2,1969-04-30T00:00:00,575.7,Monthly,UNITEDSTAMONSUPM2,2012-09-29T00:20:00
United States,Money Supply M2,1969-05-31T00:00:00,576.5,Monthly,UNITEDSTAMONSUPM2,2012-09-29T00:20:00
United States,Money Supply M2,1969-06-30T00:00:00,578.5,Monthly,UNITEDSTAMONSUPM2,2015-04-25T21:13:00
United States,Money Supply M2,1969-07-31T00:00:00,579.5,Monthly,UNITEDSTAMONSUPM2,2012-09-29T00:20:00
United States,Money Supply M2,1969-08-31T00:00:00,580.1,Monthly,UNITEDSTAMONSUPM2,2012-09-29T00:20:00
United States,Money Supply M2,1969-09-30T00:00:00,582.1,Monthly,UNITEDSTAMONSUPM2,2012-09-29T00:20:00
United States,Money Supply M2,1969-10-31T00:00:00,583.4,Monthly,UNITEDSTAMONSUPM2,2012-09-29T00:20:00
United States,Money Supply M2,1969-11-30T00:00:00,585.4,Monthly,UNITEDSTAMONSUPM2,2015-04-25T21:13:00
United States,Money Supply M2,1969-12-31T00:00:00,587.9,Monthly,UNITEDSTAMONSUPM2,2012-09-29T00:20:00
United States,Money Supply M2,1970-01-31T00:00:00,589.6,Monthly,UNITEDSTAMONSUPM2,2012-09-29T00:20:00
United States,Money Supply M2,1970-02-28T00:00:00,586.3,Monthly,UNITEDSTAMONSUPM2,2015-04-25T21:13:00
United States,Money Supply M2,1970-03-31T00:00:00,587.3,Monthly,UNITEDSTAMONSUPM2,2015-04-25T21:13:00
United States,Money Supply M2,1970-04-30T00:00:00,588.4,Monthly,UNITEDSTAMONSUPM2,2012-09-29T00:20:00
United States,Money Supply M2,1970-05-31T00:00:00,591.5,Monthly,UNITEDSTAMONSUPM2,2012-09-29T00:20:00
United States,Money Supply M2,1970-06-30T00:00:00,595.2,Monthly,UNITEDSTAMONSUPM2,2012-09-29T00:20:00
United States,Money Supply M2,1970-07-31T00:00:00,599.1,Monthly,UNITEDSTAMONSUPM2,2012-09-29T00:20:00
United States,Money Supply M2,1970-08-31T00:00:00,604.9,Monthly,UNITEDSTAMONSUPM2,2015-04-25T21:13:00
United States,Money Supply M2,1970-09-30T00:00:00,611.2,Monthly,UNITEDSTAMONSUPM2,2012-09-29T00:20:00
United States,Money Supply M2,1970-10-31T00:00:00,616.4,Monthly,UNITEDSTAMONSUPM2,2012-09-29T00:20:00
United States,Money Supply M2,1970-11-30T00:00:00,621.1,Monthly,UNITEDSTAMONSUPM2,2015-04-25T21:13:00
United States,Money Supply M2,1970-12-31T00:00:00,626.5,Monthly,UNITEDSTAMONSUPM2,2012-09-29T00:20:00
United States,Money Supply M2,1971-01-31T00:00:00,632.9,Monthly,UNITEDSTAMONSUPM2,2012-09-29T00:20:00
United States,Money Supply M2,1971-02-28T00:00:00,641,Monthly,UNITEDSTAMONSUPM2,2012-09-29T00:20:00
United States,Money Supply M2,1971-03-31T00:00:00,649.9,Monthly,UNITEDSTAMONSUPM2,2012-09-29T00:20:00
United States,Money Supply M2,1971-04-30T00:00:00,658.4,Monthly,UNITEDSTAMONSUPM2,2012-09-29T00:20:00
United States,Money Supply M2,1971-05-31T00:00:00,666.7,Monthly,UNITEDSTAMONSUPM2,2015-04-25T21:13:00
United States,Money Supply M2,1971-06-30T00:00:00,673,Monthly,UNITEDSTAMONSUPM2,2012-09-29T00:20:00
United States,Money Supply M2,1971-07-31T00:00:00,679.6,Monthly,UNITEDSTAMONSUPM2,2012-09-29T00:20:00
United States,Money Supply M2,1971-08-31T00:00:00,685.5,Monthly,UNITEDSTAMONSUPM2,2015-04-25T21:13:00
United States,Money Supply M2,1971-09-30T00:00:00,692.5,Monthly,UNITEDSTAMONSUPM2,2012-09-29T00:20:00
United States,Money Supply M2,1971-10-31T00:00:00,698.4,Monthly,UNITEDSTAMONSUPM2,2012-09-29T00:20:00
United States,Money Supply M2,1971-11-30T00:00:00,704.6,Monthly,UNITEDSTAMONSUPM2,2012-09-29T00:20:00
United States,Money Supply M2,1971-12-31T00:00:00,710.3,Monthly,UNITEDSTAMONSUPM2,2012-09-29T00:20:00
United States,Money Supply M2,1972-01-31T00:00:00,717.7,Monthly,UNITEDSTAMONSUPM2,2015-04-25T21:13:00
United States,Money Supply M2,1972-02-29T00:00:00,725.7,Monthly,UNITEDSTAMONSUPM2,2012-09-29T00:20:00
United States,Money Supply M2,1972-03-31T00:00:00,733.5,Monthly,UNITEDSTAMONSUPM2,2012-09-29T00:20:00
United States,Money Supply M2,1972-04-30T00:00:00,738.4,Monthly,UNITEDSTAMONSUPM2,2015-04-25T21:13:00
United States,Money Supply M2,1972-05-31T00:00:00,743.3,Monthly,UNITEDSTAMONSUPM2,2012-09-29T00:20:00
United States,Money Supply M2,1972-06-30T00:00:00,749.7,Monthly,UNITEDSTAMONSUPM2,2012-09-29T00:20:00
United States,Money Supply M2,1972-07-31T00:00:00,759.5,Monthly,UNITEDSTAMONSUPM2,2015-04-25T21:13:00
United States,Money Supply M2,1972-08-31T00:00:00,768.7,Monthly,UNITEDSTAMONSUPM2,2012-09-29T00:20:00
United States,Money Supply M2,1972-09-30T00:00:00,778.3,Monthly,UNITEDSTAMONSUPM2,2012-09-29T00:20:00
United States,Money Supply M2,1972-10-31T00:00:00,786.9,Monthly,UNITEDSTAMONSUPM2,2015-04-25T21:13:00
United States,Money Supply M2,1972-11-30T00:00:00,793.9,Monthly,UNITEDSTAMONSUPM2,2012-09-29T00:20:00
United States,Money Supply M2,1972-12-31T00:00:00,802.3,Monthly,UNITEDSTAMONSUPM2,2012-09-29T00:20:00
United States,Money Supply M2,1973-01-31T00:00:00,810.3,Monthly,UNITEDSTAMONSUPM2,2012-09-29T00:20:00
United States,Money Supply M2,1973-02-28T00:00:00,814.1,Monthly,UNITEDSTAMONSUPM2,2012-09-29T00:20:00
United States,Money Supply M2,1973-03-31T00:00:00,815.3,Monthly,UNITEDSTAMONSUPM2,2012-09-29T00:20:00
United States,Money Supply M2,1973-04-30T00:00:00,819.7,Monthly,UNITEDSTAMONSUPM2,2015-04-25T21:13:00
United States,Money Supply M2,1973-05-31T00:00:00,826.8,Monthly,UNITEDSTAMONSUPM2,2012-09-29T00:20:00
United States,Money Supply M2,1973-06-30T00:00:00,833.3,Monthly,UNITEDSTAMONSUPM2,2012-09-29T00:20:00
United States,Money Supply M2,1973-07-31T00:00:00,836.5,Monthly,UNITEDSTAMONSUPM2,2015-04-25T21:13:00
United States,Money Supply M2,1973-08-31T00:00:00,838.8,Monthly,UNITEDSTAMONSUPM2,2012-09-29T00:20:00
United States,Money Supply M2,1973-09-30T00:00:00,839.3,Monthly,UNITEDSTAMONSUPM2,2015-04-25T21:13:00
United States,Money Supply M2,1973-10-31T00:00:00,842.6,Monthly,UNITEDSTAMONSUPM2,2012-09-29T00:20:00
United States,Money Supply M2,1973-11-30T00:00:00,848.9,Monthly,UNITEDSTAMONSUPM2,2012-09-29T00:20:00
United States,Money Supply M2,1973-12-31T00:00:00,855.5,Monthly,UNITEDSTAMONSUPM2,2015-04-25T21:13:00
United States,Money Supply M2,1974-01-31T00:00:00,859.7,Monthly,UNITEDSTAMONSUPM2,2012-09-29T00:20:00
United States,Money Supply M2,1974-02-28T00:00:00,864.2,Monthly,UNITEDSTAMONSUPM2,2012-09-29T00:20:00
United States,Money Supply M2,1974-03-31T00:00:00,870.1,Monthly,UNITEDSTAMONSUPM2,2012-09-29T00:20:00
United States,Money Supply M2,1974-04-30T00:00:00,872.9,Monthly,UNITEDSTAMONSUPM2,2012-09-29T00:20:00
United States,Money Supply M2,1974-05-31T00:00:00,874.6,Monthly,UNITEDSTAMONSUPM2,2012-09-29T00:20:00
United States,Money Supply M2,1974-06-30T00:00:00,877.8,Monthly,UNITEDSTAMONSUPM2,2015-04-25T21:13:00
United States,Money Supply M2,1974-07-31T00:00:00,881.4,Monthly,UNITEDSTAMONSUPM2,2012-09-29T00:20:00
United States,Money Supply M2,1974-08-31T00:00:00,884.1,Monthly,UNITEDSTAMONSUPM2,2012-09-29T00:20:00
United States,Money Supply M2,1974-09-30T00:00:00,887.9,Monthly,UNITEDSTAMONSUPM2,2015-04-25T21:13:00
United States,Money Supply M2,1974-10-31T00:00:00,893.3,Monthly,UNITEDSTAMONSUPM2,2012-09-29T00:20:00
United States,Money Supply M2,1974-11-30T00:00:00,898.6,Monthly,UNITEDSTAMONSUPM2,2012-09-29T00:20:00
United States,Money Supply M2,1974-12-31T00:00:00,902.1,Monthly,UNITEDSTAMONSUPM2,2015-04-25T21:13:00
United States,Money Supply M2,1975-01-31T00:00:00,906.3,Monthly,UNITEDSTAMONSUPM2,2012-09-29T00:20:00
United States,Money Supply M2,1975-02-28T00:00:00,914.1,Monthly,UNITEDSTAMONSUPM2,2015-04-25T21:13:00
United States,Money Supply M2,1975-03-31T00:00:00,925,Monthly,UNITEDSTAMONSUPM2,2015-04-25T21:13:00
United States,Money Supply M2,1975-04-30T00:00:00,935.1,Monthly,UNITEDSTAMONSUPM2,2012-09-29T00:20:00
United States,Money Supply M2,1975-05-31T00:00:00,947.9,Monthly,UNITEDSTAMONSUPM2,2012-09-29T00:20:00
United States,Money Supply M2,1975-06-30T00:00:00,963,Monthly,UNITEDSTAMONSUPM2,2015-04-25T21:13:00
United States,Money Supply M2,1975-07-31T00:00:00,975.1,Monthly,UNITEDSTAMONSUPM2,2012-09-29T00:20:00
United States,Money Supply M2,1975-08-31T00:00:00,983.1,Monthly,UNITEDSTAMONSUPM2,2012-09-29T00:20:00
United States,Money Supply M2,1975-09-30T00:00:00,991.5,Monthly,UNITEDSTAMONSUPM2,2012-09-29T00:20:00
United States,Money Supply M2,1975-10-31T00:00:00,997.8,Monthly,UNITEDSTAMONSUPM2,2012-09-29T00:20:00
United States,Money Supply M2,1975-11-30T00:00:00,1006.9,Monthly,UNITEDSTAMONSUPM2,2015-04-25T21:13:00
United States,Money Supply M2,1975-12-31T00:00:00,1016.2,Monthly,UNITEDSTAMONSUPM2,2012-09-29T00:20:00
United States,Money Supply M2,1976-01-31T00:00:00,1026.6,Monthly,UNITEDSTAMONSUPM2,2012-09-29T00:20:00
United States,Money Supply M2,1976-02-29T00:00:00,1040.3,Monthly,UNITEDSTAMONSUPM2,2015-04-25T21:13:00
United States,Money Supply M2,1976-03-31T00:00:00,1050,Monthly,UNITEDSTAMONSUPM2,2012-09-29T00:20:00
United States,Money Supply M2,1976-04-30T00:00:00,1060.8,Monthly,UNITEDSTAMONSUPM2,2012-09-29T00:20:00
United States,Money Supply M2,1976-05-31T00:00:00,1072.1,Monthly,UNITEDSTAMONSUPM2,2015-04-25T21:13:00
United States,Money Supply M2,1976-06-30T00:00:00,1077.6,Monthly,UNITEDSTAMONSUPM2,2012-09-29T00:20:00
United States,Money Supply M2,1976-07-31T00:00:00,1086.3,Monthly,UNITEDSTAMONSUPM2,2012-09-29T00:20:00
United States,Money Supply M2,1976-08-31T00:00:00,1098.7,Monthly,UNITEDSTAMONSUPM2,2015-04-25T21:13:00
United States,Money Supply M2,1976-09-30T00:00:00,1110.8,Monthly,UNITEDSTAMONSUPM2,2012-09-29T00:20:00
United States,Money Supply M2,1976-10-31T00:00:00,1125,Monthly,UNITEDSTAMONSUPM2,2012-09-29T00:20:00
United States,Money Supply M2,1976-11-30T00:00:00,1138.2,Monthly,UNITEDSTAMONSUPM2,2012-09-29T00:20:00
United States,Money Supply M2,1976-12-31T00:00:00,1152,Monthly,UNITEDSTAMONSUPM2,2012-09-29T00:20:00
United States,Money Supply M2,1977-01-31T00:00:00,1165.2,Monthly,UNITEDSTAMONSUPM2,2015-04-25T21:13:00
United States,Money Supply M2,1977-02-28T00:00:00,1177.6,Monthly,UNITEDSTAMONSUPM2,2012-09-29T00:20:00
United States,Money Supply M2,1977-03-31T00:00:00,1188.5,Monthly,UNITEDSTAMONSUPM2,2012-09-29T00:20:00
United States,Money Supply M2,1977-04-30T00:00:00,1199.6,Monthly,UNITEDSTAMONSUPM2,2012-09-29T00:20:00
United States,Money Supply M2,1977-05-31T00:00:00,1209,Monthly,UNITEDSTAMONSUPM2,2015-04-25T21:13:00
United States,Money Supply M2,1977-06-30T00:00:00,1217.8,Monthly,UNITEDSTAMONSUPM2,2012-09-29T00:20:00
United States,Money Supply M2,1977-07-31T00:00:00,1226.7,Monthly,UNITEDSTAMONSUPM2,2012-09-29T00:20:00
United States,Money Supply M2,1977-08-31T00:00:00,1237,Monthly,UNITEDSTAMONSUPM2,2012-09-29T00:20:00
United States,Money Supply M2,1977-09-30T00:00:00,1246.2,Monthly,UNITEDSTAMONSUPM2,2012-09-29T00:20:00
United States,Money Supply M2,1977-10-31T00:00:00,1254,Monthly,UNITEDSTAMONSUPM2,2015-04-25T21:13:00
United States,Money Supply M2,1977-11-30T00:00:00,1262.4,Monthly,UNITEDSTAMONSUPM2,2012-09-29T00:21:00
United States,Money Supply M2,1977-12-31T00:00:00,1270.3,Monthly,UNITEDSTAMONSUPM2,2012-09-29T00:21:00
United States,Money Supply M2,1978-01-31T00:00:00,1279.7,Monthly,UNITEDSTAMONSUPM2,2015-04-25T21:13:00
United States,Money Supply M2,1978-02-28T00:00:00,1285.5,Monthly,UNITEDSTAMONSUPM2,2012-09-29T00:21:00
United States,Money Supply M2,1978-03-31T00:00:00,1292.2,Monthly,UNITEDSTAMONSUPM2,2012-09-29T00:21:00
United States,Money Supply M2,1978-04-30T00:00:00,1300.4,Monthly,UNITEDSTAMONSUPM2,2015-04-25T21:13:00
United States,Money Supply M2,1978-05-31T00:00:00,1310.5,Monthly,UNITEDSTAMONSUPM2,2012-09-29T00:21:00
United States,Money Supply M2,1978-06-30T00:00:00,1318.5,Monthly,UNITEDSTAMONSUPM2,2012-09-29T00:21:00
United States,Money Supply M2,1978-07-31T00:00:00,1324.1,Monthly,UNITEDSTAMONSUPM2,2015-04-25T21:13:00
United States,Money Supply M2,1978-08-31T00:00:00,1333.5,Monthly,UNITEDSTAMONSUPM2,2012-09-29T00:21:00
United States,Money Supply M2,1978-09-30T00:00:00,1345,Monthly,UNITEDSTAMONSUPM2,2012-09-29T00:21:00
United States,Money Supply M2,1978-10-31T00:00:00,1352.3,Monthly,UNITEDSTAMONSUPM2,2015-04-25T21:13:00
United States,Money Supply M2,1978-11-30T00:00:00,1359.1,Monthly,UNITEDSTAMONSUPM2,2012-09-29T00:21:00
United States,Money Supply M2,1978-12-31T00:00:00,1366,Monthly,UNITEDSTAMONSUPM2,2012-09-29T00:21:00
United States,Money Supply M2,1979-01-31T00:00:00,1371.6,Monthly,UNITEDSTAMONSUPM2,2012-09-29T00:21:00
United States,Money Supply M2,1979-02-28T00:00:00,1377.8,Monthly,UNITEDSTAMONSUPM2,2012-09-29T00:21:00
United States,Money Supply M2,1979-03-31T00:00:00,1387.8,Monthly,UNITEDSTAMONSUPM2,2012-09-29T00:21:00
United States,Money Supply M2,1979-04-30T00:00:00,1402.1,Monthly,UNITEDSTAMONSUPM2,2015-04-25T21:13:00
United States,Money Supply M2,1979-05-31T00:00:00,1410.2,Monthly,UNITEDSTAMONSUPM2,2012-09-29T00:21:00
United States,Money Supply M2,1979-06-30T00:00:00,1423,Monthly,UNITEDSTAMONSUPM2,2012-09-29T00:21:00
United States,Money Supply M2,1979-07-31T00:00:00,1434.8,Monthly,UNITEDSTAMONSUPM2,2015-04-25T21:13:00
United States,Money Supply M2,1979-08-31T00:00:00,1446.6,Monthly,UNITEDSTAMONSUPM2,2012-09-29T00:21:00
United States,Money Supply M2,1979-09-30T00:00:00,1454.1,Monthly,UNITEDSTAMONSUPM2,2015-04-25T21:13:00
United States,Money Supply M2,1979-10-31T00:00:00,1460.4,Monthly,UNITEDSTAMONSUPM2,2012-09-29T00:21:00
United States,Money Supply M2,1979-11-30T00:00:00,1465.9,Monthly,UNITEDSTAMONSUPM2,2012-09-29T00:21:00
United States,Money Supply M2,1979-12-31T00:00:00,1473.7,Monthly,UNITEDSTAMONSUPM2,2015-04-25T21:13:00
United States,Money Supply M2,1980-01-31T00:00:00,1482.7,Monthly,UNITEDSTAMONSUPM2,2012-09-29T00:21:00
United States,Money Supply M2,1980-02-29T00:00:00,1494.6,Monthly,UNITEDSTAMONSUPM2,2012-09-29T00:21:00
United States,Money Supply M2,1980-03-31T00:00:00,1499.8,Monthly,UNITEDSTAMONSUPM2,2015-04-25T21:13:00
United States,Money Supply M2,1980-04-30T00:00:00,1502.2,Monthly,UNITEDSTAMONSUPM2,2012-09-29T00:21:00
United States,Money Supply M2,1980-05-31T00:00:00,1512.3,Monthly,UNITEDSTAMONSUPM2,2012-09-29T00:21:00
United States,Money Supply M2,1980-06-30T00:00:00,1529.2,Monthly,UNITEDSTAMONSUPM2,2015-04-25T21:13:00
United States,Money Supply M2,1980-07-31T00:00:00,1545.5,Monthly,UNITEDSTAMONSUPM2,2012-09-29T00:21:00
United States,Money Supply M2,1980-08-31T00:00:00,1561.5,Monthly,UNITEDSTAMONSUPM2,2012-09-29T00:21:00
United States,Money Supply M2,1980-09-30T00:00:00,1574,Monthly,UNITEDSTAMONSUPM2,2012-09-29T00:21:00
United States,Money Supply M2,1980-10-31T00:00:00,1584.8,Monthly,UNITEDSTAMONSUPM2,2012-09-29T00:21:00
United States,Money Supply M2,1980-11-30T00:00:00,1595.8,Monthly,UNITEDSTAMONSUPM2,2015-04-25T21:13:00
United States,Money Supply M2,1980-12-31T00:00:00,1599.8,Monthly,UNITEDSTAMONSUPM2,2012-09-29T00:21:00
United States,Money Supply M2,1981-01-31T00:00:00,1606.9,Monthly,UNITEDSTAMONSUPM2,2012-09-29T00:21:00
United States,Money Supply M2,1981-02-28T00:00:00,1618.7,Monthly,UNITEDSTAMONSUPM2,2015-04-25T21:13:00
United States,Money Supply M2,1981-03-31T00:00:00,1636.6,Monthly,UNITEDSTAMONSUPM2,2015-04-25T21:13:00
United States,Money Supply M2,1981-04-30T00:00:00,1659.2,Monthly,UNITEDSTAMONSUPM2,2012-09-29T00:21:00
United States,Money Supply M2,1981-05-31T00:00:00,1664.2,Monthly,UNITEDSTAMONSUPM2,2012-09-29T00:21:00
United States,Money Supply M2,1981-06-30T00:00:00,1670.3,Monthly,UNITEDSTAMONSUPM2,2012-09-29T00:21:00
United States,Money Supply M2,1981-07-31T00:00:00,1681.9,Monthly,UNITEDSTAMONSUPM2,2012-09-29T00:21:00
United States,Money Supply M2,1981-08-31T00:00:00,1694.3,Monthly,UNITEDSTAMONSUPM2,2015-04-25T21:13:00
United States,Money Supply M2,1981-09-30T00:00:00,1706,Monthly,UNITEDSTAMONSUPM2,2012-09-29T00:21:00
United States,Money Supply M2,1981-10-31T00:00:00,1721.8,Monthly,UNITEDSTAMONSUPM2,2012-09-29T00:21:00
United States,Money Supply M2,1981-11-30T00:00:00,1736.1,Monthly,UNITEDSTAMONSUPM2,2015-04-25T21:13:00
United States,Money Supply M2,1981-12-31T00:00:00,1755.5,Monthly,UNITEDSTAMONSUPM2,2012-09-29T00:21:00
United States,Money Supply M2,1982-01-31T00:00:00,1770.4,Monthly,UNITEDSTAMONSUPM2,2012-09-29T00:21:00
United States,Money Supply M2,1982-02-28T00:00:00,1774.5,Monthly,UNITEDSTAMONSUPM2,2012-09-29T00:21:00
United States,Money Supply M2,1982-03-31T00:00:00,1786.5,Monthly,UNITEDSTAMONSUPM2,2012-09-29T00:21:00
United States,Money Supply M2,1982-04-30T00:00:00,1803.9,Monthly,UNITEDSTAMONSUPM2,2012-09-29T00:21:00
United States,Money Supply M2,1982-05-31T00:00:00,1815.4,Monthly,UNITEDSTAMONSUPM2,2015-04-25T21:13:00
United States,Money Supply M2,1982-06-30T00:00:00,1826,Monthly,UNITEDSTAMONSUPM2,2012-09-29T00:21:00
United States,Money Supply M2,1982-07-31T00:00:00,1831.5,Monthly,UNITEDSTAMONSUPM2,2020-07-13T15:12:00
United States,Money Supply M2,1982-08-31T00:00:00,1845.2,Monthly,UNITEDSTAMONSUPM2,2020-07-13T15:12:00
United States,Money Supply M2,1982-09-30T00:00:00,1858.4,Monthly,UNITEDSTAMONSUPM2,2020-07-13T15:12:00
United States,Money Supply M2,1982-10-31T00:00:00,1869.7,Monthly,UNITEDSTAMONSUPM2,2020-07-13T15:12:00
United States,Money Supply M2,1982-11-30T00:00:00,1883.7,Monthly,UNITEDSTAMONSUPM2,2020-07-13T15:12:00
United States,Money Supply M2,1982-12-31T00:00:00,1905.9,Monthly,UNITEDSTAMONSUPM2,2020-07-13T15:12:00
United States,Money Supply M2,1983-01-31T00:00:00,1959.4,Monthly,UNITEDSTAMONSUPM2,2020-07-13T15:12:00
United States,Money Supply M2,1983-02-28T00:00:00,1996.8,Monthly,UNITEDSTAMONSUPM2,2020-07-13T15:12:00
United States,Money Supply M2,1983-03-31T00:00:00,2015.2,Monthly,UNITEDSTAMONSUPM2,2020-07-13T15:12:00
United States,Money Supply M2,1983-04-30T00:00:00,2028.6,Monthly,UNITEDSTAMONSUPM2,2020-07-13T15:12:00
United States,Money Supply M2,1983-05-31T00:00:00,2043.1,Monthly,UNITEDSTAMONSUPM2,2020-07-13T15:12:00
United States,Money Supply M2,1983-06-30T00:00:00,2053.5,Monthly,UNITEDSTAMONSUPM2,2020-07-13T15:12:00
United States,Money Supply M2,1983-07-31T00:00:00,2064.8,Monthly,UNITEDSTAMONSUPM2,2020-07-13T15:12:00
United States,Money Supply M2,1983-08-31T00:00:00,2074,Monthly,UNITEDSTAMONSUPM2,2020-07-13T15:12:00
United States,Money Supply M2,1983-09-30T00:00:00,2083.2,Monthly,UNITEDSTAMONSUPM2,2020-07-13T15:12:00
United States,Money Supply M2,1983-10-31T00:00:00,2099.3,Monthly,UNITEDSTAMONSUPM2,2020-07-13T15:12:00
United States,Money Supply M2,1983-11-30T00:00:00,2112.3,Monthly,UNITEDSTAMONSUPM2,2020-07-13T15:12:00
United States,Money Supply M2,1983-12-31T00:00:00,2123.5,Monthly,UNITEDSTAMONSUPM2,2020-07-13T15:12:00
United States,Money Supply M2,1984-01-31T00:00:00,2138.2,Monthly,UNITEDSTAMONSUPM2,2020-07-13T15:12:00
United States,Money Supply M2,1984-02-29T00:00:00,2158.2,Monthly,UNITEDSTAMONSUPM2,2020-07-13T15:12:00
United States,Money Supply M2,1984-03-31T00:00:00,2175.2,Monthly,UNITEDSTAMONSUPM2,2020-07-13T15:12:00
United States,Money Supply M2,1984-04-30T00:00:00,2191.7,Monthly,UNITEDSTAMONSUPM2,2020-07-13T15:12:00
United States,Money Supply M2,1984-05-31T00:00:00,2204.1,Monthly,UNITEDSTAMONSUPM2,2020-07-13T15:12:00
United States,Money Supply M2,1984-06-30T00:00:00,2215.1,Monthly,UNITEDSTAMONSUPM2,2020-07-13T15:12:00
United States,Money Supply M2,1984-07-31T00:00:00,2223.5,Monthly,UNITEDSTAMONSUPM2,2020-07-13T15:12:00
United States,Money Supply M2,1984-08-31T00:00:00,2230.4,Monthly,UNITEDSTAMONSUPM2,2020-07-13T15:12:00
United States,Money Supply M2,1984-09-30T00:00:00,2244.4,Monthly,UNITEDSTAMONSUPM2,2020-07-13T15:12:00
United States,Money Supply M2,1984-10-31T00:00:00,2258.9,Monthly,UNITEDSTAMONSUPM2,2020-07-13T15:12:00
United States,Money Supply M2,1984-11-30T00:00:00,2281.4,Monthly,UNITEDSTAMONSUPM2,2020-07-13T15:12:00
United States,Money Supply M2,1984-12-31T00:00:00,2306.4,Monthly,UNITEDSTAMONSUPM2,2020-07-13T15:12:00
United States,Money Supply M2,1985-01-31T00:00:00,2332.4,Monthly,UNITEDSTAMONSUPM2,2020-07-13T15:12:00
United States,Money Supply M2,1985-02-28T00:00:00,2354.1,Monthly,UNITEDSTAMONSUPM2,2020-07-13T15:12:00
United States,Money Supply M2,1985-03-31T00:00:00,2366.2,Monthly,UNITEDSTAMONSUPM2,2020-07-13T15:12:00
United States,Money Supply M2,1985-04-30T00:00:00,2375.4,Monthly,UNITEDSTAMONSUPM2,2020-07-13T15:12:00
United States,Money Supply M2,1985-05-31T00:00:00,2389.5,Monthly,UNITEDSTAMONSUPM2,2020-07-13T15:12:00
United States,Money Supply M2,1985-06-30T00:00:00,2412.6,Monthly,UNITEDSTAMONSUPM2,2020-07-13T15:12:00
United States,Money Supply M2,1985-07-31T00:00:00,2429.5,Monthly,UNITEDSTAMONSUPM2,2020-07-13T15:12:00
United States,Money Supply M2,1985-08-31T00:00:00,2444,Monthly,UNITEDSTAMONSUPM2,2020-07-13T15:12:00
United States,Money Supply M2,1985-09-30T00:00:00,2456.4,Monthly,UNITEDSTAMONSUPM2,2020-07-13T15:12:00
United States,Money Supply M2,1985-10-31T00:00:00,2468,Monthly,UNITEDSTAMONSUPM2,2020-07-13T15:12:00
United States,Money Supply M2,1985-11-30T00:00:00,2477.8,Monthly,UNITEDSTAMONSUPM2,2020-07-13T15:12:00
United States,Money Supply M2,1985-12-31T00:00:00,2492.1,Monthly,UNITEDSTAMONSUPM2,2020-07-13T15:12:00
United States,Money Supply M2,1986-01-31T00:00:00,2502.1,Monthly,UNITEDSTAMONSUPM2,2020-07-13T15:12:00
United States,Money Supply M2,1986-02-28T00:00:00,2512.9,Monthly,UNITEDSTAMONSUPM2,2020-07-13T15:12:00
United States,Money Supply M2,1986-03-31T00:00:00,2533.1,Monthly,UNITEDSTAMONSUPM2,2020-07-13T15:12:00
United States,Money Supply M2,1986-04-30T00:00:00,2557.8,Monthly,UNITEDSTAMONSUPM2,2020-07-13T15:12:00
United States,Money Supply M2,1986-05-31T00:00:00,2584.8,Monthly,UNITEDSTAMONSUPM2,2020-07-13T15:12:00
United States,Money Supply M2,1986-06-30T00:00:00,2605,Monthly,UNITEDSTAMONSUPM2,2020-07-13T15:12:00
United States,Money Supply M2,1986-07-31T00:00:00,2626.6,Monthly,UNITEDSTAMONSUPM2,2020-07-13T15:12:00
United States,Money Supply M2,1986-08-31T00:00:00,2646.5,Monthly,UNITEDSTAMONSUPM2,2020-07-13T15:12:00
United States,Money Supply M2,1986-09-30T00:00:00,2667.8,Monthly,UNITEDSTAMONSUPM2,2020-07-13T15:12:00
United States,Money Supply M2,1986-10-31T00:00:00,2687.4,Monthly,UNITEDSTAMONSUPM2,2020-07-13T15:12:00
United States,Money Supply M2,1986-11-30T00:00:00,2701.3,Monthly,UNITEDSTAMONSUPM2,2020-07-13T15:12:00
United States,Money Supply M2,1986-12-31T00:00:00,2728,Monthly,UNITEDSTAMONSUPM2,2020-07-13T15:12:00
United States,Money Supply M2,1987-01-31T00:00:00,2743.9,Monthly,UNITEDSTAMONSUPM2,2020-07-13T15:12:00
United States,Money Supply M2,1987-02-28T00:00:00,2747.5,Monthly,UNITEDSTAMONSUPM2,2020-07-13T15:12:00
United States,Money Supply M2,1987-03-31T00:00:00,2753.7,Monthly,UNITEDSTAMONSUPM2,2020-07-13T15:12:00
United States,Money Supply M2,1987-04-30T00:00:00,2767.7,Monthly,UNITEDSTAMONSUPM2,2020-07-13T15:12:00
United States,Money Supply M2,1987-05-31T00:00:00,2772.9,Monthly,UNITEDSTAMONSUPM2,2020-07-13T15:12:00
United States,Money Supply M2,1987-06-30T00:00:00,2774.6,Monthly,UNITEDSTAMONSUPM2,2020-07-13T15:12:00
United States,Money Supply M2,1987-07-31T00:00:00,2779,Monthly,UNITEDSTAMONSUPM2,2020-07-13T15:12:00
United States,Money Supply M2,1987-08-31T00:00:00,2788.2,Monthly,UNITEDSTAMONSUPM2,2020-07-13T15:12:00
United States,Money Supply M2,1987-09-30T00:00:00,2799.5,Monthly,UNITEDSTAMONSUPM2,2020-07-13T15:12:00
United States,Money Supply M2,1987-10-31T00:00:00,2814.8,Monthly,UNITEDSTAMONSUPM2,2020-07-13T15:12:00
United States,Money Supply M2,1987-11-30T00:00:00,2818.9,Monthly,UNITEDSTAMONSUPM2,2020-07-13T15:12:00
United States,Money Supply M2,1987-12-31T00:00:00,2826.4,Monthly,UNITEDSTAMONSUPM2,2020-07-13T15:12:00
United States,Money Supply M2,1988-01-31T00:00:00,2847.4,Monthly,UNITEDSTAMONSUPM2,2020-07-13T15:12:00
United States,Money Supply M2,1988-02-29T00:00:00,2870.4,Monthly,UNITEDSTAMONSUPM2,2020-07-13T15:12:00
United States,Money Supply M2,1988-03-31T00:00:00,2890.7,Monthly,UNITEDSTAMONSUPM2,2020-07-13T15:12:00
United States,Money Supply M2,1988-04-30T00:00:00,2910.7,Monthly,UNITEDSTAMONSUPM2,2020-07-13T15:12:00
United States,Money Supply M2,1988-05-31T00:00:00,2926,Monthly,UNITEDSTAMONSUPM2,2020-07-13T15:12:00
United States,Money Supply M2,1988-06-30T00:00:00,2938.4,Monthly,UNITEDSTAMONSUPM2,2020-07-13T15:12:00
United States,Money Supply M2,1988-07-31T00:00:00,2947.2,Monthly,UNITEDSTAMONSUPM2,2020-07-13T15:12:00
United States,Money Supply M2,1988-08-31T00:00:00,2952,Monthly,UNITEDSTAMONSUPM2,2020-07-13T15:12:00
United States,Money Supply M2,1988-09-30T00:00:00,2956.9,Monthly,UNITEDSTAMONSUPM2,2020-07-13T15:12:00
United States,Money Supply M2,1988-10-31T00:00:00,2965.3,Monthly,UNITEDSTAMONSUPM2,2020-07-13T15:12:00
United States,Money Supply M2,1988-11-30T00:00:00,2980.2,Monthly,UNITEDSTAMONSUPM2,2020-07-13T15:12:00
United States,Money Supply M2,1988-12-31T00:00:00,2988.2,Monthly,UNITEDSTAMONSUPM2,2020-07-13T15:12:00
United States,Money Supply M2,1989-01-31T00:00:00,2991.7,Monthly,UNITEDSTAMONSUPM2,2020-07-13T15:12:00
United States,Money Supply M2,1989-02-28T00:00:00,2992.2,Monthly,UNITEDSTAMONSUPM2,2020-07-13T15:12:00
United States,Money Supply M2,1989-03-31T00:00:00,2999.7,Monthly,UNITEDSTAMONSUPM2,2020-07-13T15:12:00
United States,Money Supply M2,1989-04-30T00:00:00,3006,Monthly,UNITEDSTAMONSUPM2,2020-07-13T15:12:00
United States,Money Supply M2,1989-05-31T00:00:00,3011.6,Monthly,UNITEDSTAMONSUPM2,2020-07-13T15:12:00
United States,Money Supply M2,1989-06-30T00:00:00,3027.9,Monthly,UNITEDSTAMONSUPM2,2020-07-13T15:12:00
United States,Money Supply M2,1989-07-31T00:00:00,3052.4,Monthly,UNITEDSTAMONSUPM2,2020-07-13T15:12:00
United States,Money Supply M2,1989-08-31T00:00:00,3074.4,Monthly,UNITEDSTAMONSUPM2,2020-07-13T15:12:00
United States,Money Supply M2,1989-09-30T00:00:00,3092.5,Monthly,UNITEDSTAMONSUPM2,2020-07-13T15:12:00
United States,Money Supply M2,1989-10-31T00:00:00,3114.1,Monthly,UNITEDSTAMONSUPM2,2020-07-13T15:12:00
United States,Money Supply M2,1989-11-30T00:00:00,3133.3,Monthly,UNITEDSTAMONSUPM2,2020-07-13T15:12:00
United States,Money Supply M2,1989-12-31T00:00:00,3152.5,Monthly,UNITEDSTAMONSUPM2,2020-07-13T15:12:00
United States,Money Supply M2,1990-01-31T00:00:00,3166.8,Monthly,UNITEDSTAMONSUPM2,2020-07-13T15:12:00
United States,Money Supply M2,1990-02-28T00:00:00,3179.2,Monthly,UNITEDSTAMONSUPM2,2020-07-13T15:12:00
United States,Money Supply M2,1990-03-31T00:00:00,3190.1,Monthly,UNITEDSTAMONSUPM2,2020-07-13T15:12:00
United States,Money Supply M2,1990-04-30T00:00:00,3201.6,Monthly,UNITEDSTAMONSUPM2,2020-07-13T15:12:00
United States,Money Supply M2,1990-05-31T00:00:00,3200.6,Monthly,UNITEDSTAMONSUPM2,2020-07-13T15:12:00
United States,Money Supply M2,1990-06-30T00:00:00,3213.7,Monthly,UNITEDSTAMONSUPM2,2020-07-13T15:12:00
United States,Money Supply M2,1990-07-31T00:00:00,3224.5,Monthly,UNITEDSTAMONSUPM2,2020-07-13T15:12:00
United States,Money Supply M2,1990-08-31T00:00:00,3242,Monthly,UNITEDSTAMONSUPM2,2020-07-13T15:12:00
United States,Money Supply M2,1990-09-30T00:00:00,3254.6,Monthly,UNITEDSTAMONSUPM2,2020-07-13T15:12:00
United States,Money Supply M2,1990-10-31T00:00:00,3259.3,Monthly,UNITEDSTAMONSUPM2,2020-07-13T15:12:00
United States,Money Supply M2,1990-11-30T00:00:00,3262.6,Monthly,UNITEDSTAMONSUPM2,2020-07-13T15:12:00
United States,Money Supply M2,1990-12-31T00:00:00,3271.8,Monthly,UNITEDSTAMONSUPM2,2020-07-13T15:12:00
United States,Money Supply M2,1991-01-31T00:00:00,3287.7,Monthly,UNITEDSTAMONSUPM2,2020-07-13T15:12:00
United States,Money Supply M2,1991-02-28T00:00:00,3304.5,Monthly,UNITEDSTAMONSUPM2,2020-07-13T15:12:00
United States,Money Supply M2,1991-03-31T00:00:00,3321.9,Monthly,UNITEDSTAMONSUPM2,2020-07-13T15:12:00
United States,Money Supply M2,1991-04-30T00:00:00,3332.4,Monthly,UNITEDSTAMONSUPM2,2020-07-13T15:12:00
United States,Money Supply M2,1991-05-31T00:00:00,3343,Monthly,UNITEDSTAMONSUPM2,2020-07-13T15:12:00
United States,Money Supply M2,1991-06-30T00:00:00,3351.9,Monthly,UNITEDSTAMONSUPM2,2020-07-13T15:12:00
United States,Money Supply M2,1991-07-31T00:00:00,3356.1,Monthly,UNITEDSTAMONSUPM2,2020-07-13T15:12:00
United States,Money Supply M2,1991-08-31T00:00:00,3355,Monthly,UNITEDSTAMONSUPM2,2020-07-13T15:12:00
United States,Money Supply M2,1991-09-30T00:00:00,3354.9,Monthly,UNITEDSTAMONSUPM2,2020-07-13T15:12:00
United States,Money Supply M2,1991-10-31T00:00:00,3360.1,Monthly,UNITEDSTAMONSUPM2,2020-07-13T15:12:00
United States,Money Supply M2,1991-11-30T00:00:00,3365.5,Monthly,UNITEDSTAMONSUPM2,2020-07-13T15:12:00
United States,Money Supply M2,1991-12-31T00:00:00,3372.2,Monthly,UNITEDSTAMONSUPM2,2020-07-13T15:12:00
United States,Money Supply M2,1992-01-31T00:00:00,3381.2,Monthly,UNITEDSTAMONSUPM2,2020-07-13T15:12:00
United States,Money Supply M2,1992-02-29T00:00:00,3400,Monthly,UNITEDSTAMONSUPM2,2020-07-13T15:12:00
United States,Money Supply M2,1992-03-31T00:00:00,3403.9,Monthly,UNITEDSTAMONSUPM2,2020-07-13T15:12:00
United States,Money Supply M2,1992-04-30T00:00:00,3399.7,Monthly,UNITEDSTAMONSUPM2,2020-07-13T15:12:00
United States,Money Supply M2,1992-05-31T00:00:00,3398.6,Monthly,UNITEDSTAMONSUPM2,2020-07-13T15:12:00
United States,Money Supply M2,1992-06-30T00:00:00,3393.4,Monthly,UNITEDSTAMONSUPM2,2020-07-13T15:12:00
United States,Money Supply M2,1992-07-31T00:00:00,3393.9,Monthly,UNITEDSTAMONSUPM2,2020-07-13T15:12:00
United States,Money Supply M2,1992-08-31T00:00:00,3398.8,Monthly,UNITEDSTAMONSUPM2,2020-07-13T15:12:00
United States,Money Supply M2,1992-09-30T00:00:00,3410.3,Monthly,UNITEDSTAMONSUPM2,2020-07-13T15:12:00
United States,Money Supply M2,1992-10-31T00:00:00,3423.8,Monthly,UNITEDSTAMONSUPM2,2020-07-13T15:12:00
United States,Money Supply M2,1992-11-30T00:00:00,3426.5,Monthly,UNITEDSTAMONSUPM2,2020-07-13T15:12:00
United States,Money Supply M2,1992-12-31T00:00:00,3424.7,Monthly,UNITEDSTAMONSUPM2,2020-07-13T15:12:00
United States,Money Supply M2,1993-01-31T00:00:00,3419.1,Monthly,UNITEDSTAMONSUPM2,2020-07-13T15:12:00
United States,Money Supply M2,1993-02-28T00:00:00,3414.5,Monthly,UNITEDSTAMONSUPM2,2020-07-13T15:12:00
United States,Money Supply M2,1993-03-31T00:00:00,3411.7,Monthly,UNITEDSTAMONSUPM2,2020-07-13T15:12:00
United States,Money Supply M2,1993-04-30T00:00:00,3411.3,Monthly,UNITEDSTAMONSUPM2,2020-07-13T15:12:00
United States,Money Supply M2,1993-05-31T00:00:00,3436.9,Monthly,UNITEDSTAMONSUPM2,2020-07-13T15:12:00
United States,Money Supply M2,1993-06-30T00:00:00,3442.4,Monthly,UNITEDSTAMONSUPM2,2020-07-13T15:12:00
United States,Money Supply M2,1993-07-31T00:00:00,3442,Monthly,UNITEDSTAMONSUPM2,2020-07-13T15:12:00
United States,Money Supply M2,1993-08-31T00:00:00,3445.7,Monthly,UNITEDSTAMONSUPM2,2020-07-13T15:12:00
United States,Money Supply M2,1993-09-30T00:00:00,3452.2,Monthly,UNITEDSTAMONSUPM2,2020-07-13T15:12:00
United States,Money Supply M2,1993-10-31T00:00:00,3456.7,Monthly,UNITEDSTAMONSUPM2,2020-07-13T15:12:00
United States,Money Supply M2,1993-11-30T00:00:00,3470.1,Monthly,UNITEDSTAMONSUPM2,2020-07-13T15:12:00
United States,Money Supply M2,1993-12-31T00:00:00,3474.5,Monthly,UNITEDSTAMONSUPM2,2020-07-13T15:12:00
United States,Money Supply M2,1994-01-31T00:00:00,3474.9,Monthly,UNITEDSTAMONSUPM2,2020-07-13T15:12:00
United States,Money Supply M2,1994-02-28T00:00:00,3475.7,Monthly,UNITEDSTAMONSUPM2,2020-07-13T15:12:00
United States,Money Supply M2,1994-03-31T00:00:00,3480.1,Monthly,UNITEDSTAMONSUPM2,2020-07-13T15:12:00
United States,Money Supply M2,1994-04-30T00:00:00,3481.3,Monthly,UNITEDSTAMONSUPM2,2020-07-13T15:12:00
United States,Money Supply M2,1994-05-31T00:00:00,3490.8,Monthly,UNITEDSTAMONSUPM2,2020-07-13T15:12:00
United States,Money Supply M2,1994-06-30T00:00:00,3479.5,Monthly,UNITEDSTAMONSUPM2,2020-07-13T15:12:00
United States,Money Supply M2,1994-07-31T00:00:00,3488.2,Monthly,UNITEDSTAMONSUPM2,2020-07-13T15:12:00
United States,Money Supply M2,1994-08-31T00:00:00,3485.7,Monthly,UNITEDSTAMONSUPM2,2020-07-13T15:12:00
United States,Money Supply M2,1994-09-30T00:00:00,3486.1,Monthly,UNITEDSTAMONSUPM2,2020-07-13T15:12:00
United States,Money Supply M2,1994-10-31T00:00:00,3484.3,Monthly,UNITEDSTAMONSUPM2,2020-07-13T15:12:00
United States,Money Supply M2,1994-11-30T00:00:00,3487.2,Monthly,UNITEDSTAMONSUPM2,2020-07-13T15:12:00
United States,Money Supply M2,1994-12-31T00:00:00,3486.4,Monthly,UNITEDSTAMONSUPM2,2020-07-13T15:12:00
United States,Money Supply M2,1995-01-31T00:00:00,3492.4,Monthly,UNITEDSTAMONSUPM2,2020-07-13T15:12:00
United States,Money Supply M2,1995-02-28T00:00:00,3489.9,Monthly,UNITEDSTAMONSUPM2,2020-07-13T15:12:00
United States,Money Supply M2,1995-03-31T00:00:00,3491.1,Monthly,UNITEDSTAMONSUPM2,2020-07-13T15:12:00
United States,Money Supply M2,1995-04-30T00:00:00,3499.2,Monthly,UNITEDSTAMONSUPM2,2020-07-13T15:12:00
United States,Money Supply M2,1995-05-31T00:00:00,3524.2,Monthly,UNITEDSTAMONSUPM2,2020-07-13T15:12:00
United States,Money Supply M2,1995-06-30T00:00:00,3548.9,Monthly,UNITEDSTAMONSUPM2,2020-07-13T15:12:00
United States,Money Supply M2,1995-07-31T00:00:00,3567.4,Monthly,UNITEDSTAMONSUPM2,2020-07-13T15:12:00
United States,Money Supply M2,1995-08-31T00:00:00,3589,Monthly,UNITEDSTAMONSUPM2,2020-07-13T15:12:00
United States,Money Supply M2,1995-09-30T00:00:00,3602.1,Monthly,UNITEDSTAMONSUPM2,2020-07-13T15:12:00
United States,Money Supply M2,1995-10-31T00:00:00,3613.4,Monthly,UNITEDSTAMONSUPM2,2020-07-13T15:12:00
United States,Money Supply M2,1995-11-30T00:00:00,3619.9,Monthly,UNITEDSTAMONSUPM2,2020-07-13T15:12:00
United States,Money Supply M2,1995-12-31T00:00:00,3629.5,Monthly,UNITEDSTAMONSUPM2,2020-07-13T15:12:00
United States,Money Supply M2,1996-01-31T00:00:00,3647.9,Monthly,UNITEDSTAMONSUPM2,2020-07-13T15:12:00
United States,Money Supply M2,1996-02-29T00:00:00,3661.8,Monthly,UNITEDSTAMONSUPM2,2020-07-13T15:12:00
United States,Money Supply M2,1996-03-31T00:00:00,3687,Monthly,UNITEDSTAMONSUPM2,2020-07-13T15:12:00
United States,Money Supply M2,1996-04-30T00:00:00,3697.8,Monthly,UNITEDSTAMONSUPM2,2020-07-13T15:12:00
United States,Money Supply M2,1996-05-31T00:00:00,3709.6,Monthly,UNITEDSTAMONSUPM2,2020-07-13T15:12:00
United States,Money Supply M2,1996-06-30T00:00:00,3722.5,Monthly,UNITEDSTAMONSUPM2,2020-07-13T15:12:00
United States,Money Supply M2,1996-07-31T00:00:00,3737.2,Monthly,UNITEDSTAMONSUPM2,2020-07-13T15:12:00
United States,Money Supply M2,1996-08-31T00:00:00,3744.1,Monthly,UNITEDSTAMONSUPM2,2020-07-13T15:12:00
United States,Money Supply M2,1996-09-30T00:00:00,3753.5,Monthly,UNITEDSTAMONSUPM2,2020-07-13T15:12:00
United States,Money Supply M2,1996-10-31T00:00:00,3770.9,Monthly,UNITEDSTAMONSUPM2,2020-07-13T15:12:00
United States,Money Supply M2,1996-11-30T00:00:00,3790,Monthly,UNITEDSTAMONSUPM2,2020-07-13T15:12:00
United States,Money Supply M2,1996-12-31T00:00:00,3810.4,Monthly,UNITEDSTAMONSUPM2,2020-07-13T15:12:00
United States,Money Supply M2,1997-01-31T00:00:00,3824.6,Monthly,UNITEDSTAMONSUPM2,2020-07-13T15:12:00
United States,Money Supply M2,1997-02-28T00:00:00,3836.3,Monthly,UNITEDSTAMONSUPM2,2020-07-13T15:12:00
United States,Money Supply M2,1997-03-31T00:00:00,3851.2,Monthly,UNITEDSTAMONSUPM2,2020-07-13T15:12:00
United States,Money Supply M2,1997-04-30T00:00:00,3867.2,Monthly,UNITEDSTAMONSUPM2,2020-07-13T15:12:00
United States,Money Supply M2,1997-05-31T00:00:00,3879.1,Monthly,UNITEDSTAMONSUPM2,2020-07-13T15:12:00
United States,Money Supply M2,1997-06-30T00:00:00,3895.8,Monthly,UNITEDSTAMONSUPM2,2020-07-13T15:12:00
United States,Money Supply M2,1997-07-31T00:00:00,3913.8,Monthly,UNITEDSTAMONSUPM2,2020-07-13T15:12:00
United States,Money Supply M2,1997-08-31T00:00:00,3947.3,Monthly,UNITEDSTAMONSUPM2,2020-07-13T15:12:00
United States,Money Supply M2,1997-09-30T00:00:00,3963,Monthly,UNITEDSTAMONSUPM2,2020-07-13T15:12:00
United States,Money Supply M2,1997-10-31T00:00:00,3982.1,Monthly,UNITEDSTAMONSUPM2,2020-07-13T15:12:00
United States,Money Supply M2,1997-11-30T00:00:00,4004.6,Monthly,UNITEDSTAMONSUPM2,2020-07-13T15:12:00
United States,Money Supply M2,1997-12-31T00:00:00,4022.8,Monthly,UNITEDSTAMONSUPM2,2020-07-13T15:12:00
United States,Money Supply M2,1998-01-31T00:00:00,4046.1,Monthly,UNITEDSTAMONSUPM2,2020-07-13T15:12:00
United States,Money Supply M2,1998-02-28T00:00:00,4078.8,Monthly,UNITEDSTAMONSUPM2,2020-07-13T15:12:00
United States,Money Supply M2,1998-03-31T00:00:00,4104.3,Monthly,UNITEDSTAMONSUPM2,2020-07-13T15:12:00
United States,Money Supply M2,1998-04-30T00:00:00,4130.1,Monthly,UNITEDSTAMONSUPM2,2020-07-13T15:12:00
United States,Money Supply M2,1998-05-31T00:00:00,4154,Monthly,UNITEDSTAMONSUPM2,2020-07-13T15:12:00
United States,Money Supply M2,1998-06-30T00:00:00,4173.8,Monthly,UNITEDSTAMONSUPM2,2020-07-13T15:12:00
United States,Money Supply M2,1998-07-31T00:00:00,4193.5,Monthly,UNITEDSTAMONSUPM2,2020-07-13T15:12:00
United States,Money Supply M2,1998-08-31T00:00:00,4218.5,Monthly,UNITEDSTAMONSUPM2,2020-07-13T15:12:00
United States,Money Supply M2,1998-09-30T00:00:00,4257.4,Monthly,UNITEDSTAMONSUPM2,2020-07-13T15:12:00
United States,Money Supply M2,1998-10-31T00:00:00,4297.5,Monthly,UNITEDSTAMONSUPM2,2020-07-13T15:12:00
United States,Money Supply M2,1998-11-30T00:00:00,4336.1,Monthly,UNITEDSTAMONSUPM2,2020-07-13T15:12:00
United States,Money Supply M2,1998-12-31T00:00:00,4365,Monthly,UNITEDSTAMONSUPM2,2020-07-13T15:12:00
United States,Money Supply M2,1999-01-31T00:00:00,4392.4,Monthly,UNITEDSTAMONSUPM2,2020-07-13T15:12:00
United States,Money Supply M2,1999-02-28T00:00:00,4415.2,Monthly,UNITEDSTAMONSUPM2,2020-07-13T15:12:00
United States,Money Supply M2,1999-03-31T00:00:00,4422,Monthly,UNITEDSTAMONSUPM2,2020-07-13T15:12:00
United States,Money Supply M2,1999-04-30T00:00:00,4450.6,Monthly,UNITEDSTAMONSUPM2,2020-07-13T15:12:00
United States,Money Supply M2,1999-05-31T00:00:00,4474.9,Monthly,UNITEDSTAMONSUPM2,2020-07-13T15:12:00
United States,Money Supply M2,1999-06-30T00:00:00,4496.7,Monthly,UNITEDSTAMONSUPM2,2020-07-13T15:12:00
United States,Money Supply M2,1999-07-31T00:00:00,4523.9,Monthly,UNITEDSTAMONSUPM2,2020-07-13T15:12:00
United States,Money Supply M2,1999-08-31T00:00:00,4541.2,Monthly,UNITEDSTAMONSUPM2,2020-07-13T15:12:00
United States,Money Supply M2,1999-09-30T00:00:00,4557.2,Monthly,UNITEDSTAMONSUPM2,2020-07-13T15:12:00
United States,Money Supply M2,1999-10-31T00:00:00,4580.9,Monthly,UNITEDSTAMONSUPM2,2020-07-13T15:12:00
United States,Money Supply M2,1999-11-30T00:00:00,4599.9,Monthly,UNITEDSTAMONSUPM2,2020-07-13T15:12:00
United States,Money Supply M2,1999-12-31T00:00:00,4627.4,Monthly,UNITEDSTAMONSUPM2,2020-07-13T15:12:00
United States,Money Supply M2,2000-01-31T00:00:00,4655.7,Monthly,UNITEDSTAMONSUPM2,2020-07-13T15:12:00
United States,Money Supply M2,2000-02-29T00:00:00,4669,Monthly,UNITEDSTAMONSUPM2,2020-07-13T15:12:00
United States,Money Supply M2,2000-03-31T00:00:00,4699.8,Monthly,UNITEDSTAMONSUPM2,2020-07-13T15:12:00
United States,Money Supply M2,2000-04-30T00:00:00,4755.6,Monthly,UNITEDSTAMONSUPM2,2020-07-13T15:12:00
United States,Money Supply M2,2000-05-31T00:00:00,4743.1,Monthly,UNITEDSTAMONSUPM2,2020-07-13T15:12:00
United States,Money Supply M2,2000-06-30T00:00:00,4760.9,Monthly,UNITEDSTAMONSUPM2,2020-07-13T15:12:00
United States,Money Supply M2,2000-07-31T00:00:00,4778.4,Monthly,UNITEDSTAMONSUPM2,2020-07-13T15:12:00
United States,Money Supply M2,2000-08-31T00:00:00,4806.6,Monthly,UNITEDSTAMONSUPM2,2020-07-13T15:12:00
United States,Money Supply M2,2000-09-30T00:00:00,4842.2,Monthly,UNITEDSTAMONSUPM2,2020-07-13T15:12:00
United States,Money Supply M2,2000-10-31T00:00:00,4858.2,Monthly,UNITEDSTAMONSUPM2,2020-07-13T15:12:00
United States,Money Supply M2,2000-11-30T00:00:00,4869,Monthly,UNITEDSTAMONSUPM2,2020-07-13T15:12:00
United States,Money Supply M2,2000-12-31T00:00:00,4913.7,Monthly,UNITEDSTAMONSUPM2,2020-07-13T15:12:00
United States,Money Supply M2,2001-01-31T00:00:00,4964.3,Monthly,UNITEDSTAMONSUPM2,2020-07-13T15:12:00
United States,Money Supply M2,2001-02-28T00:00:00,5002.6,Monthly,UNITEDSTAMONSUPM2,2020-07-13T15:12:00
United States,Money Supply M2,2001-03-31T00:00:00,5060.4,Monthly,UNITEDSTAMONSUPM2,2020-07-13T15:12:00
United States,Money Supply M2,2001-04-30T00:00:00,5124.4,Monthly,UNITEDSTAMONSUPM2,2020-07-13T15:12:00
United States,Money Supply M2,2001-05-31T00:00:00,5121.1,Monthly,UNITEDSTAMONSUPM2,2020-07-13T15:12:00
United States,Money Supply M2,2001-06-30T00:00:00,5161.3,Monthly,UNITEDSTAMONSUPM2,2020-07-13T15:12:00
United States,Money Supply M2,2001-07-31T00:00:00,5191.3,Monthly,UNITEDSTAMONSUPM2,2020-07-13T15:12:00
United States,Money Supply M2,2001-08-31T00:00:00,5225.2,Monthly,UNITEDSTAMONSUPM2,2020-07-13T15:12:00
United States,Money Supply M2,2001-09-30T00:00:00,5336.3,Monthly,UNITEDSTAMONSUPM2,2020-07-13T15:12:00
United States,Money Supply M2,2001-10-31T00:00:00,5324.9,Monthly,UNITEDSTAMONSUPM2,2020-07-13T15:12:00
United States,Money Supply M2,2001-11-30T00:00:00,5368.5,Monthly,UNITEDSTAMONSUPM2,2020-07-13T15:12:00
United States,Money Supply M2,2001-12-31T00:00:00,5421.6,Monthly,UNITEDSTAMONSUPM2,2020-07-13T15:12:00
United States,Money Supply M2,2002-01-31T00:00:00,5442,Monthly,UNITEDSTAMONSUPM2,2020-07-13T15:12:00
United States,Money Supply M2,2002-02-28T00:00:00,5471.4,Monthly,UNITEDSTAMONSUPM2,2020-07-13T15:12:00
United States,Money Supply M2,2002-03-31T00:00:00,5483.4,Monthly,UNITEDSTAMONSUPM2,2020-07-13T15:12:00
United States,Money Supply M2,2002-04-30T00:00:00,5483.5,Monthly,UNITEDSTAMONSUPM2,2020-07-13T15:12:00
United States,Money Supply M2,2002-05-31T00:00:00,5509.4,Monthly,UNITEDSTAMONSUPM2,2020-07-13T15:12:00
United States,Money Supply M2,2002-06-30T00:00:00,5534.3,Monthly,UNITEDSTAMONSUPM2,2020-07-13T15:12:00
United States,Money Supply M2,2002-07-31T00:00:00,5576.9,Monthly,UNITEDSTAMONSUPM2,2020-07-13T15:12:00
United States,Money Supply M2,2002-08-31T00:00:00,5619.4,Monthly,UNITEDSTAMONSUPM2,2020-07-13T15:12:00
United States,Money Supply M2,2002-09-30T00:00:00,5643.7,Monthly,UNITEDSTAMONSUPM2,2020-07-13T15:12:00
United States,Money Supply M2,2002-10-31T00:00:00,5688.3,Monthly,UNITEDSTAMONSUPM2,2020-07-13T15:12:00
United States,Money Supply M2,2002-11-30T00:00:00,5738.4,Monthly,UNITEDSTAMONSUPM2,2020-07-13T15:12:00
United States,Money Supply M2,2002-12-31T00:00:00,5759.7,Monthly,UNITEDSTAMONSUPM2,2020-07-13T15:12:00
United States,Money Supply M2,2003-01-31T00:00:00,5792.3,Monthly,UNITEDSTAMONSUPM2,2020-07-13T15:12:00
United States,Money Supply M2,2003-02-28T00:00:00,5828.5,Monthly,UNITEDSTAMONSUPM2,2020-07-13T15:12:00
United States,Money Supply M2,2003-03-31T00:00:00,5849.3,Monthly,UNITEDSTAMONSUPM2,2020-07-13T15:12:00
United States,Money Supply M2,2003-04-30T00:00:00,5886.5,Monthly,UNITEDSTAMONSUPM2,2020-07-13T15:12:00
United States,Money Supply M2,2003-05-31T00:00:00,5946.6,Monthly,UNITEDSTAMONSUPM2,2020-07-13T15:12:00
United States,Money Supply M2,2003-06-30T00:00:00,5983.3,Monthly,UNITEDSTAMONSUPM2,2020-07-13T15:12:00
United States,Money Supply M2,2003-07-31T00:00:00,6030,Monthly,UNITEDSTAMONSUPM2,2020-07-13T15:12:00
United States,Money Supply M2,2003-08-31T00:00:00,6088.2,Monthly,UNITEDSTAMONSUPM2,2020-07-13T15:12:00
United States,Money Supply M2,2003-09-30T00:00:00,6060.1,Monthly,UNITEDSTAMONSUPM2,2020-07-13T15:12:00
United States,Money Supply M2,2003-10-31T00:00:00,6050.9,Monthly,UNITEDSTAMONSUPM2,2020-07-13T15:12:00
United States,Money Supply M2,2003-11-30T00:00:00,6056.1,Monthly,UNITEDSTAMONSUPM2,2020-07-13T15:12:00
United States,Money Supply M2,2003-12-31T00:00:00,6054.2,Monthly,UNITEDSTAMONSUPM2,2020-07-13T15:12:00
United States,Money Supply M2,2004-01-31T00:00:00,6062.7,Monthly,UNITEDSTAMONSUPM2,2020-07-13T15:12:00
United States,Money Supply M2,2004-02-29T00:00:00,6101.6,Monthly,UNITEDSTAMONSUPM2,2020-07-13T15:12:00
United States,Money Supply M2,2004-03-31T00:00:00,6137.4,Monthly,UNITEDSTAMONSUPM2,2020-07-13T15:12:00
United States,Money Supply M2,2004-04-30T00:00:00,6178.4,Monthly,UNITEDSTAMONSUPM2,2020-07-13T15:12:00
United States,Money Supply M2,2004-05-31T00:00:00,6255,Monthly,UNITEDSTAMONSUPM2,2020-07-13T15:12:00
United States,Money Supply M2,2004-06-30T00:00:00,6257.3,Monthly,UNITEDSTAMONSUPM2,2020-07-13T15:12:00
United States,Money Supply M2,2004-07-31T00:00:00,6271,Monthly,UNITEDSTAMONSUPM2,2020-07-13T15:12:00
United States,Money Supply M2,2004-08-31T00:00:00,6297.1,Monthly,UNITEDSTAMONSUPM2,2020-07-13T15:12:00
United States,Money Supply M2,2004-09-30T00:00:00,6331.7,Monthly,UNITEDSTAMONSUPM2,2020-07-13T15:12:00
United States,Money Supply M2,2004-10-31T00:00:00,6359.9,Monthly,UNITEDSTAMONSUPM2,2020-07-13T15:12:00
United States,Money Supply M2,2004-11-30T00:00:00,6386.4,Monthly,UNITEDSTAMONSUPM2,2020-07-13T15:12:00
United States,Money Supply M2,2004-12-31T00:00:00,6405,Monthly,UNITEDSTAMONSUPM2,2020-07-13T15:12:00
United States,Money Supply M2,2005-01-31T00:00:00,6411.2,Monthly,UNITEDSTAMONSUPM2,2020-07-13T15:12:00
United States,Money Supply M2,2005-02-28T00:00:00,6419.6,Monthly,UNITEDSTAMONSUPM2,2020-07-13T15:12:00
United States,Money Supply M2,2005-03-31T00:00:00,6428.6,Monthly,UNITEDSTAMONSUPM2,2020-07-13T15:12:00
United States,Money Supply M2,2005-04-30T00:00:00,6442.6,Monthly,UNITEDSTAMONSUPM2,2020-07-13T15:12:00
United States,Money Supply M2,2005-05-31T00:00:00,6459.9,Monthly,UNITEDSTAMONSUPM2,2020-07-13T15:12:00
United States,Money Supply M2,2005-06-30T00:00:00,6492.3,Monthly,UNITEDSTAMONSUPM2,2020-07-13T15:12:00
United States,Money Supply M2,2005-07-31T00:00:00,6523.9,Monthly,UNITEDSTAMONSUPM2,2020-07-13T15:12:00
United States,Money Supply M2,2005-08-31T00:00:00,6556.6,Monthly,UNITEDSTAMONSUPM2,2020-07-13T15:12:00
United States,Money Supply M2,2005-09-30T00:00:00,6590.7,Monthly,UNITEDSTAMONSUPM2,2020-07-13T15:12:00
United States,Money Supply M2,2005-10-31T00:00:00,6624.7,Monthly,UNITEDSTAMONSUPM2,2020-07-13T15:12:00
United States,Money Supply M2,2005-11-30T00:00:00,6641.2,Monthly,UNITEDSTAMONSUPM2,2020-07-13T15:12:00
United States,Money Supply M2,2005-12-31T00:00:00,6668,Monthly,UNITEDSTAMONSUPM2,2020-07-13T15:12:00
United States,Money Supply M2,2006-01-31T00:00:00,6710.5,Monthly,UNITEDSTAMONSUPM2,2020-07-13T15:12:00
United States,Money Supply M2,2006-02-28T00:00:00,6734.8,Monthly,UNITEDSTAMONSUPM2,2020-07-13T15:12:00
United States,Money Supply M2,2006-03-31T00:00:00,6749.3,Monthly,UNITEDSTAMONSUPM2,2020-07-13T15:12:00
United States,Money Supply M2,2006-04-30T00:00:00,6786.4,Monthly,UNITEDSTAMONSUPM2,2020-07-13T15:12:00
United States,Money Supply M2,2006-05-31T00:00:00,6793,Monthly,UNITEDSTAMONSUPM2,2020-07-13T15:12:00
United States,Money Supply M2,2006-06-30T00:00:00,6831,Monthly,UNITEDSTAMONSUPM2,2020-07-13T15:12:00
United States,Money Supply M2,2006-07-31T00:00:00,6872.5,Monthly,UNITEDSTAMONSUPM2,2020-07-13T15:12:00
United States,Money Supply M2,2006-08-31T00:00:00,6903.3,Monthly,UNITEDSTAMONSUPM2,2020-07-13T15:12:00
United States,Money Supply M2,2006-09-30T00:00:00,6930.5,Monthly,UNITEDSTAMONSUPM2,2020-07-13T15:12:00
United States,Money Supply M2,2006-10-31T00:00:00,6979.5,Monthly,UNITEDSTAMONSUPM2,2020-07-13T15:12:00
United States,Money Supply M2,2006-11-30T00:00:00,7014.3,Monthly,UNITEDSTAMONSUPM2,2020-07-13T15:12:00
United States,Money Supply M2,2006-12-31T00:00:00,7057.5,Monthly,UNITEDSTAMONSUPM2,2020-07-13T15:12:00
United States,Money Supply M2,2007-01-31T00:00:00,7095.5,Monthly,UNITEDSTAMONSUPM2,2020-07-13T15:12:00
United States,Money Supply M2,2007-02-28T00:00:00,7111.3,Monthly,UNITEDSTAMONSUPM2,2020-07-13T15:12:00
United States,Money Supply M2,2007-03-31T00:00:00,7145.1,Monthly,UNITEDSTAMONSUPM2,2020-07-13T15:12:00
United States,Money Supply M2,2007-04-30T00:00:00,7217.4,Monthly,UNITEDSTAMONSUPM2,2020-07-13T15:12:00
United States,Money Supply M2,2007-05-31T00:00:00,7231,Monthly,UNITEDSTAMONSUPM2,2020-07-13T15:12:00
United States,Money Supply M2,2007-06-30T00:00:00,7264.2,Monthly,UNITEDSTAMONSUPM2,2020-07-13T15:12:00
United States,Money Supply M2,2007-07-31T00:00:00,7294.5,Monthly,UNITEDSTAMONSUPM2,2020-07-13T15:12:00
United States,Money Supply M2,2007-08-31T00:00:00,7370.9,Monthly,UNITEDSTAMONSUPM2,2020-07-13T15:12:00
United States,Money Supply M2,2007-09-30T00:00:00,7389.2,Monthly,UNITEDSTAMONSUPM2,2020-07-13T15:12:00
United States,Money Supply M2,2007-10-31T00:00:00,7402.8,Monthly,UNITEDSTAMONSUPM2,2020-07-13T15:12:00
United States,Money Supply M2,2007-11-30T00:00:00,7427.8,Monthly,UNITEDSTAMONSUPM2,2020-07-13T15:12:00
United States,Money Supply M2,2007-12-31T00:00:00,7458,Monthly,UNITEDSTAMONSUPM2,2020-07-13T15:12:00
United States,Money Supply M2,2008-01-31T00:00:00,7491.8,Monthly,UNITEDSTAMONSUPM2,2020-07-13T15:12:00
United States,Money Supply M2,2008-02-29T00:00:00,7576.5,Monthly,UNITEDSTAMONSUPM2,2020-07-13T15:12:00
United States,Money Supply M2,2008-03-31T00:00:00,7642.5,Monthly,UNITEDSTAMONSUPM2,2020-07-13T15:12:00
United States,Money Supply M2,2008-04-30T00:00:00,7685.2,Monthly,UNITEDSTAMONSUPM2,2020-07-13T15:12:00
United States,Money Supply M2,2008-05-31T00:00:00,7697.1,Monthly,UNITEDSTAMONSUPM2,2020-07-13T15:12:00
United States,Money Supply M2,2008-06-30T00:00:00,7714.6,Monthly,UNITEDSTAMONSUPM2,2020-07-13T15:12:00
United States,Money Supply M2,2008-07-31T00:00:00,7761,Monthly,UNITEDSTAMONSUPM2,2020-07-13T15:12:00
United States,Money Supply M2,2008-08-31T00:00:00,7776,Monthly,UNITEDSTAMONSUPM2,2020-07-13T15:12:00
United States,Money Supply M2,2008-09-30T00:00:00,7845.9,Monthly,UNITEDSTAMONSUPM2,2020-07-13T15:12:00
United States,Money Supply M2,2008-10-31T00:00:00,7954,Monthly,UNITEDSTAMONSUPM2,2020-07-13T15:12:00
United States,Money Supply M2,2008-11-30T00:00:00,8004.6,Monthly,UNITEDSTAMONSUPM2,2020-07-13T15:12:00
United States,Money Supply M2,2008-12-31T00:00:00,8181,Monthly,UNITEDSTAMONSUPM2,2020-07-13T15:12:00
United States,Money Supply M2,2009-01-31T00:00:00,8262.4,Monthly,UNITEDSTAMONSUPM2,2020-07-13T15:12:00
United States,Money Supply M2,2009-02-28T00:00:00,8291.6,Monthly,UNITEDSTAMONSUPM2,2020-07-13T15:12:00
United States,Money Supply M2,2009-03-31T00:00:00,8357.6,Monthly,UNITEDSTAMONSUPM2,2020-07-13T15:12:00
United States,Money Supply M2,2009-04-30T00:00:00,8360.7,Monthly,UNITEDSTAMONSUPM2,2020-07-13T15:12:00
United States,Money Supply M2,2009-05-31T00:00:00,8418.2,Monthly,UNITEDSTAMONSUPM2,2020-07-13T15:12:00
United States,Money Supply M2,2009-06-30T00:00:00,8427.8,Monthly,UNITEDSTAMONSUPM2,2020-07-13T15:12:00
United States,Money Supply M2,2009-07-31T00:00:00,8432.5,Monthly,UNITEDSTAMONSUPM2,2020-07-13T15:12:00
United States,Money Supply M2,2009-08-31T00:00:00,8432.2,Monthly,UNITEDSTAMONSUPM2,2020-07-13T15:12:00
United States,Money Supply M2,2009-09-30T00:00:00,8431.5,Monthly,UNITEDSTAMONSUPM2,2020-07-13T15:12:00
United States,Money Supply M2,2009-10-31T00:00:00,8458.3,Monthly,UNITEDSTAMONSUPM2,2020-07-13T15:12:00
United States,Money Supply M2,2009-11-30T00:00:00,8488.4,Monthly,UNITEDSTAMONSUPM2,2020-07-13T15:12:00
United States,Money Supply M2,2009-12-31T00:00:00,8483.4,Monthly,UNITEDSTAMONSUPM2,2020-07-13T15:12:00
United States,Money Supply M2,2010-01-31T00:00:00,8445.7,Monthly,UNITEDSTAMONSUPM2,2020-07-13T15:12:00
United States,Money Supply M2,2010-02-28T00:00:00,8495.3,Monthly,UNITEDSTAMONSUPM2,2020-07-13T15:12:00
United States,Money Supply M2,2010-03-31T00:00:00,8492.4,Monthly,UNITEDSTAMONSUPM2,2020-07-13T15:12:00
United States,Money Supply M2,2010-04-30T00:00:00,8522.8,Monthly,UNITEDSTAMONSUPM2,2020-07-13T15:12:00
United States,Money Supply M2,2010-05-31T00:00:00,8577.5,Monthly,UNITEDSTAMONSUPM2,2020-07-13T15:12:00
United States,Money Supply M2,2010-06-30T00:00:00,8596.6,Monthly,UNITEDSTAMONSUPM2,2020-07-13T15:12:00
United States,Money Supply M2,2010-07-31T00:00:00,8606.2,Monthly,UNITEDSTAMONSUPM2,2020-07-13T15:12:00
United States,Money Supply M2,2010-08-31T00:00:00,8656.5,Monthly,UNITEDSTAMONSUPM2,2020-07-13T15:12:00
United States,Money Supply M2,2010-09-30T00:00:00,8687.7,Monthly,UNITEDSTAMONSUPM2,2020-07-13T15:12:00
United States,Money Supply M2,2010-10-31T00:00:00,8736.7,Monthly,UNITEDSTAMONSUPM2,2020-07-13T15:12:00
United States,Money Supply M2,2010-11-30T00:00:00,8757.4,Monthly,UNITEDSTAMONSUPM2,2020-07-13T15:12:00
United States,Money Supply M2,2010-12-31T00:00:00,8789.3,Monthly,UNITEDSTAMONSUPM2,2020-07-13T15:12:00
United States,Money Supply M2,2011-01-31T00:00:00,8825.9,Monthly,UNITEDSTAMONSUPM2,2020-07-13T15:12:00
United States,Money Supply M2,2011-02-28T00:00:00,8871.4,Monthly,UNITEDSTAMONSUPM2,2020-07-13T15:12:00
United States,Money Supply M2,2011-03-31T00:00:00,8915.7,Monthly,UNITEDSTAMONSUPM2,2020-07-13T15:12:00
United States,Money Supply M2,2011-04-30T00:00:00,8977.9,Monthly,UNITEDSTAMONSUPM2,2020-07-13T15:12:00
United States,Money Supply M2,2011-05-31T00:00:00,9029.2,Monthly,UNITEDSTAMONSUPM2,2020-07-13T15:12:00
United States,Money Supply M2,2011-06-30T00:00:00,9113.4,Monthly,UNITEDSTAMONSUPM2,2020-07-13T15:12:00
United States,Money Supply M2,2011-07-31T00:00:00,9301.4,Monthly,UNITEDSTAMONSUPM2,2020-07-13T15:12:00
United States,Money Supply M2,2011-08-31T00:00:00,9515.1,Monthly,UNITEDSTAMONSUPM2,2020-07-13T15:12:00
United States,Money Supply M2,2011-09-30T00:00:00,9539.7,Monthly,UNITEDSTAMONSUPM2,2020-07-13T15:12:00
United States,Money Supply M2,2011-10-31T00:00:00,9571.3,Monthly,UNITEDSTAMONSUPM2,2020-07-13T15:12:00
United States,Money Supply M2,2011-11-30T00:00:00,9612.3,Monthly,UNITEDSTAMONSUPM2,2020-07-13T15:12:00
United States,Money Supply M2,2011-12-31T00:00:00,9651.1,Monthly,UNITEDSTAMONSUPM2,2020-07-13T15:12:00
United States,Money Supply M2,2012-01-31T00:00:00,9730.3,Monthly,UNITEDSTAMONSUPM2,2020-07-13T15:12:00
United States,Money Supply M2,2012-02-29T00:00:00,9773.1,Monthly,UNITEDSTAMONSUPM2,2020-07-13T15:12:00
United States,Money Supply M2,2012-03-31T00:00:00,9817.8,Monthly,UNITEDSTAMONSUPM2,2020-07-13T15:12:00
United States,Money Supply M2,2012-04-30T00:00:00,9872.1,Monthly,UNITEDSTAMONSUPM2,2020-07-13T15:12:00
United States,Money Supply M2,2012-05-31T00:00:00,9903.8,Monthly,UNITEDSTAMONSUPM2,2020-07-13T15:12:00
United States,Money Supply M2,2012-06-30T00:00:00,9973.6,Monthly,UNITEDSTAMONSUPM2,2020-07-13T15:12:00
United States,Money Supply M2,2012-07-31T00:00:00,10046.8,Monthly,UNITEDSTAMONSUPM2,2020-07-13T15:12:00
United States,Money Supply M2,2012-08-31T00:00:00,10117.9,Monthly,UNITEDSTAMONSUPM2,2020-07-13T15:12:00
United States,Money Supply M2,2012-09-30T00:00:00,10200.2,Monthly,UNITEDSTAMONSUPM2,2020-07-13T15:12:00
United States,Money Supply M2,2012-10-31T00:00:00,10261.3,Monthly,UNITEDSTAMONSUPM2,2020-07-13T15:12:00
United States,Money Supply M2,2012-11-30T00:00:00,10319.9,Monthly,UNITEDSTAMONSUPM2,2020-07-13T15:12:00
United States,Money Supply M2,2012-12-31T00:00:00,10445.7,Monthly,UNITEDSTAMONSUPM2,2020-07-13T15:12:00
United States,Money Supply M2,2013-01-31T00:00:00,10471.2,Monthly,UNITEDSTAMONSUPM2,2020-07-13T15:12:00
United States,Money Supply M2,2013-02-28T00:00:00,10468.2,Monthly,UNITEDSTAMONSUPM2,2020-07-13T15:12:00
United States,Money Supply M2,2013-03-31T00:00:00,10539.7,Monthly,UNITEDSTAMONSUPM2,2020-07-13T15:12:00
United States,Money Supply M2,2013-04-30T00:00:00,10575.1,Monthly,UNITEDSTAMONSUPM2,2020-07-13T15:12:00
United States,Money Supply M2,2013-05-31T00:00:00,10611.3,Monthly,UNITEDSTAMONSUPM2,2020-07-13T15:12:00
United States,Money Supply M2,2013-06-30T00:00:00,10665.9,Monthly,UNITEDSTAMONSUPM2,2020-07-13T15:12:00
United States,Money Supply M2,2013-07-31T00:00:00,10721.9,Monthly,UNITEDSTAMONSUPM2,2020-07-13T15:12:00
United States,Money Supply M2,2013-08-31T00:00:00,10780.4,Monthly,UNITEDSTAMONSUPM2,2020-07-13T15:12:00
United States,Money Supply M2,2013-09-30T00:00:00,10832.6,Monthly,UNITEDSTAMONSUPM2,2020-07-13T15:12:00
United States,Money Supply M2,2013-10-31T00:00:00,10945.2,Monthly,UNITEDSTAMONSUPM2,2020-07-13T15:12:00
United States,Money Supply M2,2013-11-30T00:00:00,10953,Monthly,UNITEDSTAMONSUPM2,2020-07-13T15:12:00
United States,Money Supply M2,2013-12-31T00:00:00,11015,Monthly,UNITEDSTAMONSUPM2,2020-07-13T15:12:00
United States,Money Supply M2,2014-01-31T00:00:00,11065.6,Monthly,UNITEDSTAMONSUPM2,2020-07-13T15:12:00
United States,Money Supply M2,2014-02-28T00:00:00,11148.7,Monthly,UNITEDSTAMONSUPM2,2020-07-13T15:12:00
United States,Money Supply M2,2014-03-31T00:00:00,11190.3,Monthly,UNITEDSTAMONSUPM2,2020-07-13T15:12:00
United States,Money Supply M2,2014-04-30T00:00:00,11246.5,Monthly,UNITEDSTAMONSUPM2,2020-07-13T15:12:00
United States,Money Supply M2,2014-05-31T00:00:00,11314.8,Monthly,UNITEDSTAMONSUPM2,2020-07-13T15:12:00
United States,Money Supply M2,2014-06-30T00:00:00,11367.1,Monthly,UNITEDSTAMONSUPM2,2020-07-13T15:12:00
United States,Money Supply M2,2014-07-31T00:00:00,11428.4,Monthly,UNITEDSTAMONSUPM2,2020-07-13T15:12:00
United States,Money Supply M2,2014-08-31T00:00:00,11457.6,Monthly,UNITEDSTAMONSUPM2,2020-07-13T15:12:00
United States,Money Supply M2,2014-09-30T00:00:00,11492,Monthly,UNITEDSTAMONSUPM2,2020-07-13T15:12:00
United States,Money Supply M2,2014-10-31T00:00:00,11551.4,Monthly,UNITEDSTAMONSUPM2,2020-07-13T15:12:00
United States,Money Supply M2,2014-11-30T00:00:00,11590.6,Monthly,UNITEDSTAMONSUPM2,2020-07-13T15:12:00
United States,Money Supply M2,2014-12-31T00:00:00,11668,Monthly,UNITEDSTAMONSUPM2,2020-07-13T15:12:00
United States,Money Supply M2,2015-01-31T00:00:00,11732.1,Monthly,UNITEDSTAMONSUPM2,2020-07-13T15:12:00
United States,Money Supply M2,2015-02-28T00:00:00,11852.5,Monthly,UNITEDSTAMONSUPM2,2020-07-13T15:12:00
United States,Money Supply M2,2015-03-31T00:00:00,11869.4,Monthly,UNITEDSTAMONSUPM2,2020-07-13T15:12:00
United States,Money Supply M2,2015-04-30T00:00:00,11916.6,Monthly,UNITEDSTAMONSUPM2,2020-07-13T15:12:00
United States,Money Supply M2,2015-05-31T00:00:00,11949.3,Monthly,UNITEDSTAMONSUPM2,2020-07-13T15:12:00
United States,Money Supply M2,2015-06-30T00:00:00,11994.6,Monthly,UNITEDSTAMONSUPM2,2020-07-13T15:12:00
United States,Money Supply M2,2015-07-31T00:00:00,12046.6,Monthly,UNITEDSTAMONSUPM2,2020-07-13T15:12:00
United States,Money Supply M2,2015-08-31T00:00:00,12097.6,Monthly,UNITEDSTAMONSUPM2,2020-07-13T15:12:00
United States,Money Supply M2,2015-09-30T00:00:00,12153.1,Monthly,UNITEDSTAMONSUPM2,2020-07-13T15:12:00
United States,Money Supply M2,2015-10-31T00:00:00,12185,Monthly,UNITEDSTAMONSUPM2,2020-07-13T15:12:00
United States,Money Supply M2,2015-11-30T00:00:00,12274.2,Monthly,UNITEDSTAMONSUPM2,2020-07-13T15:12:00
United States,Money Supply M2,2015-12-31T00:00:00,12330.1,Monthly,UNITEDSTAMONSUPM2,2020-07-13T15:12:00
United States,Money Supply M2,2016-01-31T00:00:00,12458,Monthly,UNITEDSTAMONSUPM2,2020-07-13T15:12:00
United States,Money Supply M2,2016-02-29T00:00:00,12534.3,Monthly,UNITEDSTAMONSUPM2,2020-07-13T15:12:00
United States,Money Supply M2,2016-03-31T00:00:00,12597.9,Monthly,UNITEDSTAMONSUPM2,2020-07-13T15:12:00
United States,Money Supply M2,2016-04-30T00:00:00,12687.2,Monthly,UNITEDSTAMONSUPM2,2020-07-13T15:12:00
United States,Money Supply M2,2016-05-31T00:00:00,12756,Monthly,UNITEDSTAMONSUPM2,2020-07-13T15:12:00
United States,Money Supply M2,2016-06-30T00:00:00,12823.6,Monthly,UNITEDSTAMONSUPM2,2020-07-13T15:12:00
United States,Money Supply M2,2016-07-31T00:00:00,12882.3,Monthly,UNITEDSTAMONSUPM2,2020-07-13T15:12:00
United States,Money Supply M2,2016-08-31T00:00:00,12969.7,Monthly,UNITEDSTAMONSUPM2,2020-07-13T15:12:00
United States,Money Supply M2,2016-09-30T00:00:00,13030.7,Monthly,UNITEDSTAMONSUPM2,2020-07-13T15:12:00
United States,Money Supply M2,2016-10-31T00:00:00,13099.3,Monthly,UNITEDSTAMONSUPM2,2020-07-13T15:12:00
United States,Money Supply M2,2016-11-30T00:00:00,13169.6,Monthly,UNITEDSTAMONSUPM2,2020-07-13T15:12:00
United States,Money Supply M2,2016-12-31T00:00:00,13198.9,Monthly,UNITEDSTAMONSUPM2,2020-07-13T15:12:00
United States,Money Supply M2,2017-01-31T00:00:00,13275.4,Monthly,UNITEDSTAMONSUPM2,2020-07-13T15:12:00
United States,Money Supply M2,2017-02-28T00:00:00,13341.1,Monthly,UNITEDSTAMONSUPM2,2020-07-13T15:12:00
United States,Money Supply M2,2017-03-31T00:00:00,13411.4,Monthly,UNITEDSTAMONSUPM2,2020-07-13T15:12:00
United States,Money Supply M2,2017-04-30T00:00:00,13476.8,Monthly,UNITEDSTAMONSUPM2,2020-07-13T15:12:00
United States,Money Supply M2,2017-05-31T00:00:00,13530.5,Monthly,UNITEDSTAMONSUPM2,2020-07-13T15:12:00
United States,Money Supply M2,2017-06-30T00:00:00,13558.2,Monthly,UNITEDSTAMONSUPM2,2020-07-13T15:12:00
United States,Money Supply M2,2017-07-31T00:00:00,13618.3,Monthly,UNITEDSTAMONSUPM2,2020-07-13T15:12:00
United States,Money Supply M2,2017-08-31T00:00:00,13673.8,Monthly,UNITEDSTAMONSUPM2,2020-07-13T15:12:00
United States,Money Supply M2,2017-09-30T00:00:00,13716.4,Monthly,UNITEDSTAMONSUPM2,2020-07-13T15:12:00
United States,Money Supply M2,2017-10-31T00:00:00,13769,Monthly,UNITEDSTAMONSUPM2,2020-07-13T15:12:00
United States,Money Supply M2,2017-11-30T00:00:00,13794,Monthly,UNITEDSTAMONSUPM2,2020-07-13T15:12:00
United States,Money Supply M2,2017-12-31T00:00:00,13835.7,Monthly,UNITEDSTAMONSUPM2,2020-07-13T15:12:00
United States,Money Supply M2,2018-01-31T00:00:00,13858.4,Monthly,UNITEDSTAMONSUPM2,2020-07-13T15:12:00
United States,Money Supply M2,2018-02-28T00:00:00,13892.8,Monthly,UNITEDSTAMONSUPM2,2020-07-13T15:12:00
United States,Money Supply M2,2018-03-31T00:00:00,13952.6,Monthly,UNITEDSTAMONSUPM2,2020-07-13T15:12:00
United States,Money Supply M2,2018-04-30T00:00:00,13989.1,Monthly,UNITEDSTAMONSUPM2,2020-07-13T15:12:00
United States,Money Supply M2,2018-05-31T00:00:00,14054.9,Monthly,UNITEDSTAMONSUPM2,2020-07-13T15:12:00
United States,Money Supply M2,2018-06-30T00:00:00,14120,Monthly,UNITEDSTAMONSUPM2,2020-07-13T15:12:00
United States,Money Supply M2,2018-07-31T00:00:00,14153,Monthly,UNITEDSTAMONSUPM2,2020-07-13T15:12:00
United States,Money Supply M2,2018-08-31T00:00:00,14197,Monthly,UNITEDSTAMONSUPM2,2020-07-13T15:12:00
United States,Money Supply M2,2018-09-30T00:00:00,14228.5,Monthly,UNITEDSTAMONSUPM2,2020-07-13T15:12:00
United States,Money Supply M2,2018-10-31T00:00:00,14235.4,Monthly,UNITEDSTAMONSUPM2,2020-07-13T15:12:00
United States,Money Supply M2,2018-11-30T00:00:00,14245.4,Monthly,UNITEDSTAMONSUPM2,2020-07-13T15:12:00
United States,Money Supply M2,2018-12-31T00:00:00,14351.8,Monthly,UNITEDSTAMONSUPM2,2020-07-13T15:12:00
United States,Money Supply M2,2019-01-31T00:00:00,14434.6,Monthly,UNITEDSTAMONSUPM2,2020-07-13T15:12:00
United States,Money Supply M2,2019-02-28T00:00:00,14464.4,Monthly,UNITEDSTAMONSUPM2,2020-07-13T15:12:00
United States,Money Supply M2,2019-03-31T00:00:00,14511.8,Monthly,UNITEDSTAMONSUPM2,2020-07-13T15:12:00
United States,Money Supply M2,2019-04-30T00:00:00,14558.3,Monthly,UNITEDSTAMONSUPM2,2020-07-13T15:12:00
United States,Money Supply M2,2019-05-31T00:00:00,14653.2,Monthly,UNITEDSTAMONSUPM2,2020-07-13T15:12:00
United States,Money Supply M2,2019-06-30T00:00:00,14780.7,Monthly,UNITEDSTAMONSUPM2,2020-07-13T15:12:00
United States,Money Supply M2,2019-07-31T00:00:00,14859.9,Monthly,UNITEDSTAMONSUPM2,2020-07-13T15:12:00
United States,Money Supply M2,2019-08-31T00:00:00,14931.2,Monthly,UNITEDSTAMONSUPM2,2020-07-13T15:12:00
United States,Money Supply M2,2019-09-30T00:00:00,15020.8,Monthly,UNITEDSTAMONSUPM2,2020-07-13T15:12:00
United States,Money Supply M2,2019-10-31T00:00:00,15153.1,Monthly,UNITEDSTAMONSUPM2,2021-10-26T10:44:00
United States,Money Supply M2,2019-11-30T00:00:00,15251.3,Monthly,UNITEDSTAMONSUPM2,2021-10-26T10:44:00
United States,Money Supply M2,2019-12-31T00:00:00,15325.8,Monthly,UNITEDSTAMONSUPM2,2021-10-26T10:44:00
United States,Money Supply M2,2020-01-31T00:00:00,15406.8,Monthly,UNITEDSTAMONSUPM2,2021-10-26T10:44:00
United States,Money Supply M2,2020-02-29T00:00:00,15470.4,Monthly,UNITEDSTAMONSUPM2,2021-10-26T10:44:00
United States,Money Supply M2,2020-03-31T00:00:00,16011.4,Monthly,UNITEDSTAMONSUPM2,2021-10-26T10:44:00
United States,Money Supply M2,2020-04-30T00:00:00,17039.1,Monthly,UNITEDSTAMONSUPM2,2021-10-26T10:44:00
United States,Money Supply M2,2020-05-31T00:00:00,17889.2,Monthly,UNITEDSTAMONSUPM2,2021-10-26T10:44:00
United States,Money Supply M2,2020-06-30T00:00:00,18175.7,Monthly,UNITEDSTAMONSUPM2,2021-10-26T10:44:00
United States,Money Supply M2,2020-07-31T00:00:00,18316.6,Monthly,UNITEDSTAMONSUPM2,2021-10-26T10:44:00
United States,Money Supply M2,2020-08-31T00:00:00,18378.5,Monthly,UNITEDSTAMONSUPM2,2021-10-26T10:44:00
United States,Money Supply M2,2020-09-30T00:00:00,18601.6,Monthly,UNITEDSTAMONSUPM2,2021-10-26T10:44:00
United States,Money Supply M2,2020-10-31T00:00:00,18747.9,Monthly,UNITEDSTAMONSUPM2,2021-10-26T10:44:00
United States,Money Supply M2,2020-11-30T00:00:00,18958.7,Monthly,UNITEDSTAMONSUPM2,2021-10-26T10:44:00
United States,Money Supply M2,2020-12-31T00:00:00,19129.5,Monthly,UNITEDSTAMONSUPM2,2021-10-26T10:44:00
United States,Money Supply M2,2021-01-31T00:00:00,19393.1,Monthly,UNITEDSTAMONSUPM2,2021-10-26T10:44:00
United States,Money Supply M2,2021-02-28T00:00:00,19665.4,Monthly,UNITEDSTAMONSUPM2,2021-10-26T10:44:00
United States,Money Supply M2,2021-03-31T00:00:00,19913.5,Monthly,UNITEDSTAMONSUPM2,2021-10-26T10:44:00
United States,Money Supply M2,2021-04-30T00:00:00,20122.7,Monthly,UNITEDSTAMONSUPM2,2021-10-26T10:44:00
United States,Money Supply M2,2021-05-31T00:00:00,20372.4,Monthly,UNITEDSTAMONSUPM2,2021-10-26T10:44:00
United States,Money Supply M2,2021-06-30T00:00:00,20387.4,Monthly,UNITEDSTAMONSUPM2,2021-10-26T10:44:00
United States,Money Supply M2,2021-07-31T00:00:00,20534.3,Monthly,UNITEDSTAMONSUPM2,2021-10-26T10:44:00
United States,Money Supply M2,2021-08-31T00:00:00,20797,Monthly,UNITEDSTAMONSUPM2,2021-10-02T10:02:00
United States,Money Supply M2,2021-09-30T00:00:00,20982.9,Monthly,UNITEDSTAMONSUPM2,2021-10-30T10:02:00
United States,Money Supply M2,2021-10-31T00:00:00,21187.1,Monthly,UNITEDSTAMONSUPM2,2021-11-27T10:02:00
United States,Money Supply M2,2021-11-30T00:00:00,21436.7,Monthly,UNITEDSTAMONSUPM2,2022-01-01T10:02:00
