Country,Category,DateTime,Value,Frequency,HistoricalDataSymbol,LastUpdate
United States,Money Supply M1,1959-01-31T00:00:00,138.9,Monthly,UNITEDSTAMONSUPM1,2012-12-05T15:00:00
United States,Money Supply M1,1959-02-28T00:00:00,139.4,Monthly,UNITEDSTAMONSUPM1,2015-04-25T21:13:00
United States,Money Supply M1,1959-03-31T00:00:00,139.7,Monthly,UNITEDSTAMONSUPM1,2015-04-25T21:13:00
United States,Money Supply M1,1959-04-30T00:00:00,139.7,Monthly,UNITEDSTAMONSUPM1,2012-12-05T15:00:00
United States,Money Supply M1,1959-05-31T00:00:00,140.7,Monthly,UNITEDSTAMONSUPM1,2012-12-05T15:00:00
United States,Money Supply M1,1959-06-30T00:00:00,141.2,Monthly,UNITEDSTAMONSUPM1,2012-12-05T15:00:00
United States,Money Supply M1,1959-07-31T00:00:00,141.7,Monthly,UNITEDSTAMONSUPM1,2012-12-05T15:00:00
United States,Money Supply M1,1959-08-31T00:00:00,141.9,Monthly,UNITEDSTAMONSUPM1,2015-04-25T21:13:00
United States,Money Supply M1,1959-09-30T00:00:00,141,Monthly,UNITEDSTAMONSUPM1,2012-12-05T15:00:00
United States,Money Supply M1,1959-10-31T00:00:00,140.5,Monthly,UNITEDSTAMONSUPM1,2012-12-05T15:00:00
United States,Money Supply M1,1959-11-30T00:00:00,140.4,Monthly,UNITEDSTAMONSUPM1,2015-04-25T21:13:00
United States,Money Supply M1,1959-12-31T00:00:00,139.9,Monthly,UNITEDSTAMONSUPM1,2012-12-05T15:00:00
United States,Money Supply M1,1960-01-31T00:00:00,140,Monthly,UNITEDSTAMONSUPM1,2012-12-05T15:00:00
United States,Money Supply M1,1960-02-29T00:00:00,139.9,Monthly,UNITEDSTAMONSUPM1,2012-12-05T15:00:00
United States,Money Supply M1,1960-03-31T00:00:00,139.8,Monthly,UNITEDSTAMONSUPM1,2012-12-05T15:00:00
United States,Money Supply M1,1960-04-30T00:00:00,139.6,Monthly,UNITEDSTAMONSUPM1,2012-12-05T15:00:00
United States,Money Supply M1,1960-05-31T00:00:00,139.6,Monthly,UNITEDSTAMONSUPM1,2015-04-25T21:13:00
United States,Money Supply M1,1960-06-30T00:00:00,139.6,Monthly,UNITEDSTAMONSUPM1,2012-12-05T15:00:00
United States,Money Supply M1,1960-07-31T00:00:00,140.2,Monthly,UNITEDSTAMONSUPM1,2012-12-05T15:00:00
United States,Money Supply M1,1960-08-31T00:00:00,141.3,Monthly,UNITEDSTAMONSUPM1,2012-12-05T15:00:00
United States,Money Supply M1,1960-09-30T00:00:00,141.2,Monthly,UNITEDSTAMONSUPM1,2012-12-05T15:00:00
United States,Money Supply M1,1960-10-31T00:00:00,140.9,Monthly,UNITEDSTAMONSUPM1,2015-04-25T21:13:00
United States,Money Supply M1,1960-11-30T00:00:00,140.9,Monthly,UNITEDSTAMONSUPM1,2012-12-05T15:00:00
United States,Money Supply M1,1960-12-31T00:00:00,140.7,Monthly,UNITEDSTAMONSUPM1,2012-12-05T15:00:00
United States,Money Supply M1,1961-01-31T00:00:00,141.1,Monthly,UNITEDSTAMONSUPM1,2015-04-25T21:13:00
United States,Money Supply M1,1961-02-28T00:00:00,141.6,Monthly,UNITEDSTAMONSUPM1,2012-12-05T15:00:00
United States,Money Supply M1,1961-03-31T00:00:00,141.9,Monthly,UNITEDSTAMONSUPM1,2012-12-05T15:00:00
United States,Money Supply M1,1961-04-30T00:00:00,142.1,Monthly,UNITEDSTAMONSUPM1,2015-04-25T21:13:00
United States,Money Supply M1,1961-05-31T00:00:00,142.7,Monthly,UNITEDSTAMONSUPM1,2012-12-05T15:00:00
United States,Money Supply M1,1961-06-30T00:00:00,142.9,Monthly,UNITEDSTAMONSUPM1,2012-12-05T15:00:00
United States,Money Supply M1,1961-07-31T00:00:00,142.9,Monthly,UNITEDSTAMONSUPM1,2015-04-25T21:13:00
United States,Money Supply M1,1961-08-31T00:00:00,143.5,Monthly,UNITEDSTAMONSUPM1,2012-12-05T15:00:00
United States,Money Supply M1,1961-09-30T00:00:00,143.8,Monthly,UNITEDSTAMONSUPM1,2012-12-05T15:00:00
United States,Money Supply M1,1961-10-31T00:00:00,144.1,Monthly,UNITEDSTAMONSUPM1,2015-04-25T21:13:00
United States,Money Supply M1,1961-11-30T00:00:00,144.8,Monthly,UNITEDSTAMONSUPM1,2012-12-05T15:00:00
United States,Money Supply M1,1961-12-31T00:00:00,145.2,Monthly,UNITEDSTAMONSUPM1,2012-12-05T15:00:00
United States,Money Supply M1,1962-01-31T00:00:00,145.2,Monthly,UNITEDSTAMONSUPM1,2012-12-05T15:00:00
United States,Money Supply M1,1962-02-28T00:00:00,145.7,Monthly,UNITEDSTAMONSUPM1,2012-12-05T15:00:00
United States,Money Supply M1,1962-03-31T00:00:00,146,Monthly,UNITEDSTAMONSUPM1,2012-12-05T15:00:00
United States,Money Supply M1,1962-04-30T00:00:00,146.4,Monthly,UNITEDSTAMONSUPM1,2015-04-25T21:13:00
United States,Money Supply M1,1962-05-31T00:00:00,146.8,Monthly,UNITEDSTAMONSUPM1,2012-12-05T15:00:00
United States,Money Supply M1,1962-06-30T00:00:00,146.6,Monthly,UNITEDSTAMONSUPM1,2012-12-05T15:00:00
United States,Money Supply M1,1962-07-31T00:00:00,146.5,Monthly,UNITEDSTAMONSUPM1,2015-04-25T21:13:00
United States,Money Supply M1,1962-08-31T00:00:00,146.6,Monthly,UNITEDSTAMONSUPM1,2012-12-05T15:00:00
United States,Money Supply M1,1962-09-30T00:00:00,146.3,Monthly,UNITEDSTAMONSUPM1,2015-04-25T21:13:00
United States,Money Supply M1,1962-10-31T00:00:00,146.7,Monthly,UNITEDSTAMONSUPM1,2012-12-05T15:00:00
United States,Money Supply M1,1962-11-30T00:00:00,147.3,Monthly,UNITEDSTAMONSUPM1,2012-12-05T15:00:00
United States,Money Supply M1,1962-12-31T00:00:00,147.8,Monthly,UNITEDSTAMONSUPM1,2015-04-25T21:13:00
United States,Money Supply M1,1963-01-31T00:00:00,148.3,Monthly,UNITEDSTAMONSUPM1,2012-12-05T15:00:00
United States,Money Supply M1,1963-02-28T00:00:00,148.9,Monthly,UNITEDSTAMONSUPM1,2012-12-05T15:00:00
United States,Money Supply M1,1963-03-31T00:00:00,149.2,Monthly,UNITEDSTAMONSUPM1,2012-12-05T15:00:00
United States,Money Supply M1,1963-04-30T00:00:00,149.7,Monthly,UNITEDSTAMONSUPM1,2012-12-05T15:00:00
United States,Money Supply M1,1963-05-31T00:00:00,150.4,Monthly,UNITEDSTAMONSUPM1,2012-12-05T15:00:00
United States,Money Supply M1,1963-06-30T00:00:00,150.4,Monthly,UNITEDSTAMONSUPM1,2015-04-25T21:13:00
United States,Money Supply M1,1963-07-31T00:00:00,151.3,Monthly,UNITEDSTAMONSUPM1,2012-12-05T15:00:00
United States,Money Supply M1,1963-08-31T00:00:00,151.8,Monthly,UNITEDSTAMONSUPM1,2012-12-05T15:00:00
United States,Money Supply M1,1963-09-30T00:00:00,152,Monthly,UNITEDSTAMONSUPM1,2015-04-25T21:13:00
United States,Money Supply M1,1963-10-31T00:00:00,152.6,Monthly,UNITEDSTAMONSUPM1,2012-12-05T15:00:00
United States,Money Supply M1,1963-11-30T00:00:00,153.6,Monthly,UNITEDSTAMONSUPM1,2012-12-05T15:00:00
United States,Money Supply M1,1963-12-31T00:00:00,153.3,Monthly,UNITEDSTAMONSUPM1,2015-04-25T21:13:00
United States,Money Supply M1,1964-01-31T00:00:00,153.7,Monthly,UNITEDSTAMONSUPM1,2012-12-05T15:00:00
United States,Money Supply M1,1964-02-29T00:00:00,154.3,Monthly,UNITEDSTAMONSUPM1,2015-04-25T21:13:00
United States,Money Supply M1,1964-03-31T00:00:00,154.5,Monthly,UNITEDSTAMONSUPM1,2015-04-25T21:13:00
United States,Money Supply M1,1964-04-30T00:00:00,154.8,Monthly,UNITEDSTAMONSUPM1,2012-12-05T15:00:00
United States,Money Supply M1,1964-05-31T00:00:00,155.3,Monthly,UNITEDSTAMONSUPM1,2012-12-05T15:00:00
United States,Money Supply M1,1964-06-30T00:00:00,155.6,Monthly,UNITEDSTAMONSUPM1,2012-12-05T15:00:00
United States,Money Supply M1,1964-07-31T00:00:00,156.8,Monthly,UNITEDSTAMONSUPM1,2012-12-05T15:00:00
United States,Money Supply M1,1964-08-31T00:00:00,157.8,Monthly,UNITEDSTAMONSUPM1,2015-04-25T21:13:00
United States,Money Supply M1,1964-09-30T00:00:00,158.7,Monthly,UNITEDSTAMONSUPM1,2012-12-05T15:00:00
United States,Money Supply M1,1964-10-31T00:00:00,159.2,Monthly,UNITEDSTAMONSUPM1,2012-12-05T15:00:00
United States,Money Supply M1,1964-11-30T00:00:00,160,Monthly,UNITEDSTAMONSUPM1,2015-04-25T21:13:00
United States,Money Supply M1,1964-12-31T00:00:00,160.3,Monthly,UNITEDSTAMONSUPM1,2012-12-05T15:00:00
United States,Money Supply M1,1965-01-31T00:00:00,160.7,Monthly,UNITEDSTAMONSUPM1,2012-12-05T15:00:00
United States,Money Supply M1,1965-02-28T00:00:00,160.9,Monthly,UNITEDSTAMONSUPM1,2012-12-05T15:00:00
United States,Money Supply M1,1965-03-31T00:00:00,161.5,Monthly,UNITEDSTAMONSUPM1,2012-12-05T15:00:00
United States,Money Supply M1,1965-04-30T00:00:00,162,Monthly,UNITEDSTAMONSUPM1,2012-12-05T15:00:00
United States,Money Supply M1,1965-05-31T00:00:00,161.7,Monthly,UNITEDSTAMONSUPM1,2015-04-25T21:13:00
United States,Money Supply M1,1965-06-30T00:00:00,162.2,Monthly,UNITEDSTAMONSUPM1,2012-12-05T15:00:00
United States,Money Supply M1,1965-07-31T00:00:00,163,Monthly,UNITEDSTAMONSUPM1,2012-12-05T15:00:00
United States,Money Supply M1,1965-08-31T00:00:00,163.7,Monthly,UNITEDSTAMONSUPM1,2015-04-25T21:13:00
United States,Money Supply M1,1965-09-30T00:00:00,164.8,Monthly,UNITEDSTAMONSUPM1,2012-12-05T15:00:00
United States,Money Supply M1,1965-10-31T00:00:00,166,Monthly,UNITEDSTAMONSUPM1,2012-12-05T15:00:00
United States,Money Supply M1,1965-11-30T00:00:00,166.7,Monthly,UNITEDSTAMONSUPM1,2012-12-05T15:00:00
United States,Money Supply M1,1965-12-31T00:00:00,167.8,Monthly,UNITEDSTAMONSUPM1,2012-12-05T15:00:00
United States,Money Supply M1,1966-01-31T00:00:00,169.1,Monthly,UNITEDSTAMONSUPM1,2015-04-25T21:13:00
United States,Money Supply M1,1966-02-28T00:00:00,169.6,Monthly,UNITEDSTAMONSUPM1,2012-12-05T15:00:00
United States,Money Supply M1,1966-03-31T00:00:00,170.5,Monthly,UNITEDSTAMONSUPM1,2012-12-05T15:00:00
United States,Money Supply M1,1966-04-30T00:00:00,171.8,Monthly,UNITEDSTAMONSUPM1,2012-12-05T15:00:00
United States,Money Supply M1,1966-05-31T00:00:00,171.3,Monthly,UNITEDSTAMONSUPM1,2015-04-25T21:13:00
United States,Money Supply M1,1966-06-30T00:00:00,171.6,Monthly,UNITEDSTAMONSUPM1,2012-12-05T15:00:00
United States,Money Supply M1,1966-07-31T00:00:00,170.3,Monthly,UNITEDSTAMONSUPM1,2012-12-05T15:00:00
United States,Money Supply M1,1966-08-31T00:00:00,170.8,Monthly,UNITEDSTAMONSUPM1,2012-12-05T15:00:00
United States,Money Supply M1,1966-09-30T00:00:00,172,Monthly,UNITEDSTAMONSUPM1,2012-12-05T15:00:00
United States,Money Supply M1,1966-10-31T00:00:00,171.2,Monthly,UNITEDSTAMONSUPM1,2015-04-25T21:13:00
United States,Money Supply M1,1966-11-30T00:00:00,171.4,Monthly,UNITEDSTAMONSUPM1,2012-12-05T15:00:00
United States,Money Supply M1,1966-12-31T00:00:00,172,Monthly,UNITEDSTAMONSUPM1,2012-12-05T15:00:00
United States,Money Supply M1,1967-01-31T00:00:00,171.9,Monthly,UNITEDSTAMONSUPM1,2015-04-25T21:13:00
United States,Money Supply M1,1967-02-28T00:00:00,173,Monthly,UNITEDSTAMONSUPM1,2012-12-05T15:00:00
United States,Money Supply M1,1967-03-31T00:00:00,174.8,Monthly,UNITEDSTAMONSUPM1,2012-12-05T15:00:00
United States,Money Supply M1,1967-04-30T00:00:00,174.2,Monthly,UNITEDSTAMONSUPM1,2015-04-25T21:13:00
United States,Money Supply M1,1967-05-31T00:00:00,175.7,Monthly,UNITEDSTAMONSUPM1,2012-12-05T15:00:00
United States,Money Supply M1,1967-06-30T00:00:00,177,Monthly,UNITEDSTAMONSUPM1,2012-12-05T15:00:00
United States,Money Supply M1,1967-07-31T00:00:00,178.1,Monthly,UNITEDSTAMONSUPM1,2015-04-25T21:13:00
United States,Money Supply M1,1967-08-31T00:00:00,179.7,Monthly,UNITEDSTAMONSUPM1,2012-12-05T15:00:00
United States,Money Supply M1,1967-09-30T00:00:00,180.7,Monthly,UNITEDSTAMONSUPM1,2012-12-05T15:00:00
United States,Money Supply M1,1967-10-31T00:00:00,181.6,Monthly,UNITEDSTAMONSUPM1,2015-04-25T21:13:00
United States,Money Supply M1,1967-11-30T00:00:00,182.4,Monthly,UNITEDSTAMONSUPM1,2012-12-05T15:00:00
United States,Money Supply M1,1967-12-31T00:00:00,183.3,Monthly,UNITEDSTAMONSUPM1,2012-12-05T15:00:00
United States,Money Supply M1,1968-01-31T00:00:00,184.3,Monthly,UNITEDSTAMONSUPM1,2012-12-05T15:00:00
United States,Money Supply M1,1968-02-29T00:00:00,184.7,Monthly,UNITEDSTAMONSUPM1,2012-12-05T15:00:00
United States,Money Supply M1,1968-03-31T00:00:00,185.5,Monthly,UNITEDSTAMONSUPM1,2012-12-05T15:00:00
United States,Money Supply M1,1968-04-30T00:00:00,186.6,Monthly,UNITEDSTAMONSUPM1,2012-12-05T15:00:00
United States,Money Supply M1,1968-05-31T00:00:00,188,Monthly,UNITEDSTAMONSUPM1,2012-12-05T15:00:00
United States,Money Supply M1,1968-06-30T00:00:00,189.4,Monthly,UNITEDSTAMONSUPM1,2015-04-25T21:13:00
United States,Money Supply M1,1968-07-31T00:00:00,190.5,Monthly,UNITEDSTAMONSUPM1,2012-12-05T15:00:00
United States,Money Supply M1,1968-08-31T00:00:00,191.8,Monthly,UNITEDSTAMONSUPM1,2012-12-05T15:00:00
United States,Money Supply M1,1968-09-30T00:00:00,192.7,Monthly,UNITEDSTAMONSUPM1,2015-04-25T21:13:00
United States,Money Supply M1,1968-10-31T00:00:00,194,Monthly,UNITEDSTAMONSUPM1,2012-12-05T15:00:00
United States,Money Supply M1,1968-11-30T00:00:00,196,Monthly,UNITEDSTAMONSUPM1,2012-12-05T15:00:00
United States,Money Supply M1,1968-12-31T00:00:00,197.4,Monthly,UNITEDSTAMONSUPM1,2015-04-25T21:13:00
United States,Money Supply M1,1969-01-31T00:00:00,198.7,Monthly,UNITEDSTAMONSUPM1,2012-12-05T15:00:00
United States,Money Supply M1,1969-02-28T00:00:00,199.3,Monthly,UNITEDSTAMONSUPM1,2015-04-25T21:13:00
United States,Money Supply M1,1969-03-31T00:00:00,200,Monthly,UNITEDSTAMONSUPM1,2015-04-25T21:13:00
United States,Money Supply M1,1969-04-30T00:00:00,200.7,Monthly,UNITEDSTAMONSUPM1,2012-12-05T15:00:00
United States,Money Supply M1,1969-05-31T00:00:00,200.8,Monthly,UNITEDSTAMONSUPM1,2012-12-05T15:00:00
United States,Money Supply M1,1969-06-30T00:00:00,201.3,Monthly,UNITEDSTAMONSUPM1,2015-04-25T21:13:00
United States,Money Supply M1,1969-07-31T00:00:00,201.7,Monthly,UNITEDSTAMONSUPM1,2012-12-05T15:00:00
United States,Money Supply M1,1969-08-31T00:00:00,201.7,Monthly,UNITEDSTAMONSUPM1,2012-12-05T15:00:00
United States,Money Supply M1,1969-09-30T00:00:00,202.1,Monthly,UNITEDSTAMONSUPM1,2012-12-05T15:00:00
United States,Money Supply M1,1969-10-31T00:00:00,202.9,Monthly,UNITEDSTAMONSUPM1,2012-12-05T15:00:00
United States,Money Supply M1,1969-11-30T00:00:00,203.6,Monthly,UNITEDSTAMONSUPM1,2015-04-25T21:13:00
United States,Money Supply M1,1969-12-31T00:00:00,203.9,Monthly,UNITEDSTAMONSUPM1,2012-12-05T15:00:00
United States,Money Supply M1,1970-01-31T00:00:00,206.2,Monthly,UNITEDSTAMONSUPM1,2012-12-05T15:00:00
United States,Money Supply M1,1970-02-28T00:00:00,205,Monthly,UNITEDSTAMONSUPM1,2015-04-25T21:13:00
United States,Money Supply M1,1970-03-31T00:00:00,205.7,Monthly,UNITEDSTAMONSUPM1,2015-04-25T21:13:00
United States,Money Supply M1,1970-04-30T00:00:00,206.7,Monthly,UNITEDSTAMONSUPM1,2012-12-05T15:00:00
United States,Money Supply M1,1970-05-31T00:00:00,207.2,Monthly,UNITEDSTAMONSUPM1,2012-12-05T15:00:00
United States,Money Supply M1,1970-06-30T00:00:00,207.6,Monthly,UNITEDSTAMONSUPM1,2012-12-05T15:00:00
United States,Money Supply M1,1970-07-31T00:00:00,208,Monthly,UNITEDSTAMONSUPM1,2012-12-05T15:00:00
United States,Money Supply M1,1970-08-31T00:00:00,209.9,Monthly,UNITEDSTAMONSUPM1,2015-04-25T21:13:00
United States,Money Supply M1,1970-09-30T00:00:00,211.8,Monthly,UNITEDSTAMONSUPM1,2012-12-05T15:00:00
United States,Money Supply M1,1970-10-31T00:00:00,212.9,Monthly,UNITEDSTAMONSUPM1,2012-12-05T15:00:00
United States,Money Supply M1,1970-11-30T00:00:00,213.7,Monthly,UNITEDSTAMONSUPM1,2015-04-25T21:13:00
United States,Money Supply M1,1970-12-31T00:00:00,214.4,Monthly,UNITEDSTAMONSUPM1,2012-12-05T15:00:00
United States,Money Supply M1,1971-01-31T00:00:00,215.5,Monthly,UNITEDSTAMONSUPM1,2012-12-05T15:00:00
United States,Money Supply M1,1971-02-28T00:00:00,217.4,Monthly,UNITEDSTAMONSUPM1,2012-12-05T15:00:00
United States,Money Supply M1,1971-03-31T00:00:00,218.8,Monthly,UNITEDSTAMONSUPM1,2012-12-05T15:00:00
United States,Money Supply M1,1971-04-30T00:00:00,220,Monthly,UNITEDSTAMONSUPM1,2012-12-05T15:00:00
United States,Money Supply M1,1971-05-31T00:00:00,222,Monthly,UNITEDSTAMONSUPM1,2015-04-25T21:13:00
United States,Money Supply M1,1971-06-30T00:00:00,223.5,Monthly,UNITEDSTAMONSUPM1,2012-12-05T15:00:00
United States,Money Supply M1,1971-07-31T00:00:00,224.9,Monthly,UNITEDSTAMONSUPM1,2012-12-05T15:00:00
United States,Money Supply M1,1971-08-31T00:00:00,225.6,Monthly,UNITEDSTAMONSUPM1,2015-04-25T21:13:00
United States,Money Supply M1,1971-09-30T00:00:00,226.5,Monthly,UNITEDSTAMONSUPM1,2012-12-05T15:00:00
United States,Money Supply M1,1971-10-31T00:00:00,227.2,Monthly,UNITEDSTAMONSUPM1,2012-12-05T15:00:00
United States,Money Supply M1,1971-11-30T00:00:00,227.8,Monthly,UNITEDSTAMONSUPM1,2012-12-05T15:00:00
United States,Money Supply M1,1971-12-31T00:00:00,228.3,Monthly,UNITEDSTAMONSUPM1,2012-12-05T15:00:00
United States,Money Supply M1,1972-01-31T00:00:00,230.1,Monthly,UNITEDSTAMONSUPM1,2015-04-25T21:13:00
United States,Money Supply M1,1972-02-29T00:00:00,232.3,Monthly,UNITEDSTAMONSUPM1,2012-12-05T15:00:00
United States,Money Supply M1,1972-03-31T00:00:00,234.3,Monthly,UNITEDSTAMONSUPM1,2012-12-05T15:00:00
United States,Money Supply M1,1972-04-30T00:00:00,235.6,Monthly,UNITEDSTAMONSUPM1,2015-04-25T21:13:00
United States,Money Supply M1,1972-05-31T00:00:00,235.9,Monthly,UNITEDSTAMONSUPM1,2012-12-05T15:00:00
United States,Money Supply M1,1972-06-30T00:00:00,236.6,Monthly,UNITEDSTAMONSUPM1,2012-12-05T15:00:00
United States,Money Supply M1,1972-07-31T00:00:00,238.8,Monthly,UNITEDSTAMONSUPM1,2015-04-25T21:13:00
United States,Money Supply M1,1972-08-31T00:00:00,240.9,Monthly,UNITEDSTAMONSUPM1,2012-12-05T15:00:00
United States,Money Supply M1,1972-09-30T00:00:00,243.2,Monthly,UNITEDSTAMONSUPM1,2012-12-05T15:00:00
United States,Money Supply M1,1972-10-31T00:00:00,245,Monthly,UNITEDSTAMONSUPM1,2015-04-25T21:13:00
United States,Money Supply M1,1972-11-30T00:00:00,246.4,Monthly,UNITEDSTAMONSUPM1,2012-12-05T15:00:00
United States,Money Supply M1,1972-12-31T00:00:00,249.2,Monthly,UNITEDSTAMONSUPM1,2012-12-05T15:00:00
United States,Money Supply M1,1973-01-31T00:00:00,251.5,Monthly,UNITEDSTAMONSUPM1,2012-12-05T15:00:00
United States,Money Supply M1,1973-02-28T00:00:00,252.2,Monthly,UNITEDSTAMONSUPM1,2012-12-05T15:00:00
United States,Money Supply M1,1973-03-31T00:00:00,251.7,Monthly,UNITEDSTAMONSUPM1,2012-12-05T15:00:00
United States,Money Supply M1,1973-04-30T00:00:00,252.7,Monthly,UNITEDSTAMONSUPM1,2015-04-25T21:13:00
United States,Money Supply M1,1973-05-31T00:00:00,254.9,Monthly,UNITEDSTAMONSUPM1,2012-12-05T15:00:00
United States,Money Supply M1,1973-06-30T00:00:00,256.7,Monthly,UNITEDSTAMONSUPM1,2012-12-05T15:00:00
United States,Money Supply M1,1973-07-31T00:00:00,257.5,Monthly,UNITEDSTAMONSUPM1,2015-04-25T21:13:00
United States,Money Supply M1,1973-08-31T00:00:00,257.7,Monthly,UNITEDSTAMONSUPM1,2012-12-05T15:00:00
United States,Money Supply M1,1973-09-30T00:00:00,257.9,Monthly,UNITEDSTAMONSUPM1,2015-04-25T21:13:00
United States,Money Supply M1,1973-10-31T00:00:00,259,Monthly,UNITEDSTAMONSUPM1,2012-12-05T15:00:00
United States,Money Supply M1,1973-11-30T00:00:00,261,Monthly,UNITEDSTAMONSUPM1,2012-12-05T15:00:00
United States,Money Supply M1,1973-12-31T00:00:00,262.9,Monthly,UNITEDSTAMONSUPM1,2015-04-25T21:13:00
United States,Money Supply M1,1974-01-31T00:00:00,263.8,Monthly,UNITEDSTAMONSUPM1,2012-12-05T15:00:00
United States,Money Supply M1,1974-02-28T00:00:00,265.3,Monthly,UNITEDSTAMONSUPM1,2012-12-05T15:00:00
United States,Money Supply M1,1974-03-31T00:00:00,266.7,Monthly,UNITEDSTAMONSUPM1,2012-12-05T15:00:00
United States,Money Supply M1,1974-04-30T00:00:00,267.2,Monthly,UNITEDSTAMONSUPM1,2012-12-05T15:00:00
United States,Money Supply M1,1974-05-31T00:00:00,267.6,Monthly,UNITEDSTAMONSUPM1,2012-12-05T15:00:00
United States,Money Supply M1,1974-06-30T00:00:00,268.5,Monthly,UNITEDSTAMONSUPM1,2015-04-25T21:13:00
United States,Money Supply M1,1974-07-31T00:00:00,269.3,Monthly,UNITEDSTAMONSUPM1,2012-12-05T15:00:00
United States,Money Supply M1,1974-08-31T00:00:00,270.1,Monthly,UNITEDSTAMONSUPM1,2012-12-05T15:00:00
United States,Money Supply M1,1974-09-30T00:00:00,271,Monthly,UNITEDSTAMONSUPM1,2015-04-25T21:13:00
United States,Money Supply M1,1974-10-31T00:00:00,272.3,Monthly,UNITEDSTAMONSUPM1,2012-12-05T15:00:00
United States,Money Supply M1,1974-11-30T00:00:00,273.7,Monthly,UNITEDSTAMONSUPM1,2012-12-05T15:00:00
United States,Money Supply M1,1974-12-31T00:00:00,274.2,Monthly,UNITEDSTAMONSUPM1,2015-04-25T21:13:00
United States,Money Supply M1,1975-01-31T00:00:00,273.9,Monthly,UNITEDSTAMONSUPM1,2012-12-05T15:00:00
United States,Money Supply M1,1975-02-28T00:00:00,275,Monthly,UNITEDSTAMONSUPM1,2015-04-25T21:13:00
United States,Money Supply M1,1975-03-31T00:00:00,276.4,Monthly,UNITEDSTAMONSUPM1,2015-04-25T21:13:00
United States,Money Supply M1,1975-04-30T00:00:00,276.2,Monthly,UNITEDSTAMONSUPM1,2012-12-05T15:00:00
United States,Money Supply M1,1975-05-31T00:00:00,279.2,Monthly,UNITEDSTAMONSUPM1,2012-12-05T15:00:00
United States,Money Supply M1,1975-06-30T00:00:00,282.4,Monthly,UNITEDSTAMONSUPM1,2015-04-25T21:13:00
United States,Money Supply M1,1975-07-31T00:00:00,283.7,Monthly,UNITEDSTAMONSUPM1,2012-12-05T15:00:00
United States,Money Supply M1,1975-08-31T00:00:00,284.1,Monthly,UNITEDSTAMONSUPM1,2012-12-05T15:00:00
United States,Money Supply M1,1975-09-30T00:00:00,285.7,Monthly,UNITEDSTAMONSUPM1,2012-12-05T15:00:00
United States,Money Supply M1,1975-10-31T00:00:00,285.4,Monthly,UNITEDSTAMONSUPM1,2012-12-05T15:00:00
United States,Money Supply M1,1975-11-30T00:00:00,286.8,Monthly,UNITEDSTAMONSUPM1,2015-04-25T21:13:00
United States,Money Supply M1,1975-12-31T00:00:00,287.1,Monthly,UNITEDSTAMONSUPM1,2012-12-05T15:00:00
United States,Money Supply M1,1976-01-31T00:00:00,288.4,Monthly,UNITEDSTAMONSUPM1,2012-12-05T15:00:00
United States,Money Supply M1,1976-02-29T00:00:00,290.8,Monthly,UNITEDSTAMONSUPM1,2015-04-25T21:13:00
United States,Money Supply M1,1976-03-31T00:00:00,292.7,Monthly,UNITEDSTAMONSUPM1,2012-12-05T15:00:00
United States,Money Supply M1,1976-04-30T00:00:00,294.7,Monthly,UNITEDSTAMONSUPM1,2012-12-05T15:00:00
United States,Money Supply M1,1976-05-31T00:00:00,295.9,Monthly,UNITEDSTAMONSUPM1,2015-04-25T21:13:00
United States,Money Supply M1,1976-06-30T00:00:00,296.2,Monthly,UNITEDSTAMONSUPM1,2012-12-05T15:00:00
United States,Money Supply M1,1976-07-31T00:00:00,297.2,Monthly,UNITEDSTAMONSUPM1,2012-12-05T15:00:00
United States,Money Supply M1,1976-08-31T00:00:00,299,Monthly,UNITEDSTAMONSUPM1,2015-04-25T21:13:00
United States,Money Supply M1,1976-09-30T00:00:00,299.6,Monthly,UNITEDSTAMONSUPM1,2012-12-05T15:00:00
United States,Money Supply M1,1976-10-31T00:00:00,302,Monthly,UNITEDSTAMONSUPM1,2012-12-05T15:00:00
United States,Money Supply M1,1976-11-30T00:00:00,303.6,Monthly,UNITEDSTAMONSUPM1,2012-12-05T15:00:00
United States,Money Supply M1,1976-12-31T00:00:00,306.2,Monthly,UNITEDSTAMONSUPM1,2012-12-05T15:00:00
United States,Money Supply M1,1977-01-31T00:00:00,308.3,Monthly,UNITEDSTAMONSUPM1,2015-04-25T21:13:00
United States,Money Supply M1,1977-02-28T00:00:00,311.5,Monthly,UNITEDSTAMONSUPM1,2012-12-05T15:00:00
United States,Money Supply M1,1977-03-31T00:00:00,313.9,Monthly,UNITEDSTAMONSUPM1,2012-12-05T15:00:00
United States,Money Supply M1,1977-04-30T00:00:00,316,Monthly,UNITEDSTAMONSUPM1,2012-12-05T15:00:00
United States,Money Supply M1,1977-05-31T00:00:00,317.2,Monthly,UNITEDSTAMONSUPM1,2015-04-25T21:13:00
United States,Money Supply M1,1977-06-30T00:00:00,318.8,Monthly,UNITEDSTAMONSUPM1,2012-12-05T15:00:00
United States,Money Supply M1,1977-07-31T00:00:00,320.2,Monthly,UNITEDSTAMONSUPM1,2012-12-05T15:00:00
United States,Money Supply M1,1977-08-31T00:00:00,322.3,Monthly,UNITEDSTAMONSUPM1,2012-12-05T15:00:00
United States,Money Supply M1,1977-09-30T00:00:00,324.5,Monthly,UNITEDSTAMONSUPM1,2012-12-05T15:00:00
United States,Money Supply M1,1977-10-31T00:00:00,326.4,Monthly,UNITEDSTAMONSUPM1,2015-04-25T21:13:00
United States,Money Supply M1,1977-11-30T00:00:00,328.6,Monthly,UNITEDSTAMONSUPM1,2012-12-05T15:00:00
United States,Money Supply M1,1977-12-31T00:00:00,330.9,Monthly,UNITEDSTAMONSUPM1,2012-12-05T15:00:00
United States,Money Supply M1,1978-01-31T00:00:00,334.4,Monthly,UNITEDSTAMONSUPM1,2015-04-25T21:13:00
United States,Money Supply M1,1978-02-28T00:00:00,335.3,Monthly,UNITEDSTAMONSUPM1,2012-12-05T15:00:00
United States,Money Supply M1,1978-03-31T00:00:00,337,Monthly,UNITEDSTAMONSUPM1,2012-12-05T15:00:00
United States,Money Supply M1,1978-04-30T00:00:00,339.9,Monthly,UNITEDSTAMONSUPM1,2015-04-25T21:13:00
United States,Money Supply M1,1978-05-31T00:00:00,344.9,Monthly,UNITEDSTAMONSUPM1,2012-12-05T15:00:00
United States,Money Supply M1,1978-06-30T00:00:00,346.9,Monthly,UNITEDSTAMONSUPM1,2012-12-05T15:00:00
United States,Money Supply M1,1978-07-31T00:00:00,347.6,Monthly,UNITEDSTAMONSUPM1,2015-04-25T21:13:00
United States,Money Supply M1,1978-08-31T00:00:00,349.6,Monthly,UNITEDSTAMONSUPM1,2012-12-05T15:00:00
United States,Money Supply M1,1978-09-30T00:00:00,352.2,Monthly,UNITEDSTAMONSUPM1,2012-12-05T15:00:00
United States,Money Supply M1,1978-10-31T00:00:00,353.3,Monthly,UNITEDSTAMONSUPM1,2015-04-25T21:13:00
United States,Money Supply M1,1978-11-30T00:00:00,355.4,Monthly,UNITEDSTAMONSUPM1,2012-12-05T15:00:00
United States,Money Supply M1,1978-12-31T00:00:00,357.3,Monthly,UNITEDSTAMONSUPM1,2012-12-05T15:00:00
United States,Money Supply M1,1979-01-31T00:00:00,358.6,Monthly,UNITEDSTAMONSUPM1,2012-12-05T15:00:00
United States,Money Supply M1,1979-02-28T00:00:00,359.9,Monthly,UNITEDSTAMONSUPM1,2012-12-05T15:00:00
United States,Money Supply M1,1979-03-31T00:00:00,362.5,Monthly,UNITEDSTAMONSUPM1,2012-12-05T15:00:00
United States,Money Supply M1,1979-04-30T00:00:00,368,Monthly,UNITEDSTAMONSUPM1,2015-04-25T21:13:00
United States,Money Supply M1,1979-05-31T00:00:00,369.6,Monthly,UNITEDSTAMONSUPM1,2012-12-05T15:00:00
United States,Money Supply M1,1979-06-30T00:00:00,373.4,Monthly,UNITEDSTAMONSUPM1,2012-12-05T15:00:00
United States,Money Supply M1,1979-07-31T00:00:00,377.2,Monthly,UNITEDSTAMONSUPM1,2015-04-25T21:13:00
United States,Money Supply M1,1979-08-31T00:00:00,378.8,Monthly,UNITEDSTAMONSUPM1,2012-12-05T15:00:00
United States,Money Supply M1,1979-09-30T00:00:00,379.3,Monthly,UNITEDSTAMONSUPM1,2015-04-25T21:13:00
United States,Money Supply M1,1979-10-31T00:00:00,380.8,Monthly,UNITEDSTAMONSUPM1,2012-12-05T15:00:00
United States,Money Supply M1,1979-11-30T00:00:00,380.8,Monthly,UNITEDSTAMONSUPM1,2012-12-05T15:00:00
United States,Money Supply M1,1979-12-31T00:00:00,381.8,Monthly,UNITEDSTAMONSUPM1,2015-04-25T21:13:00
United States,Money Supply M1,1980-01-31T00:00:00,385.8,Monthly,UNITEDSTAMONSUPM1,2012-12-05T15:00:00
United States,Money Supply M1,1980-02-29T00:00:00,390.1,Monthly,UNITEDSTAMONSUPM1,2012-12-05T15:00:00
United States,Money Supply M1,1980-03-31T00:00:00,388.4,Monthly,UNITEDSTAMONSUPM1,2015-04-25T21:13:00
United States,Money Supply M1,1980-04-30T00:00:00,383.8,Monthly,UNITEDSTAMONSUPM1,2012-12-05T15:00:00
United States,Money Supply M1,1980-05-31T00:00:00,384.8,Monthly,UNITEDSTAMONSUPM1,2012-12-05T15:00:00
United States,Money Supply M1,1980-06-30T00:00:00,389.1,Monthly,UNITEDSTAMONSUPM1,2015-04-25T21:13:00
United States,Money Supply M1,1980-07-31T00:00:00,394,Monthly,UNITEDSTAMONSUPM1,2012-12-05T15:00:00
United States,Money Supply M1,1980-08-31T00:00:00,399.2,Monthly,UNITEDSTAMONSUPM1,2012-12-05T15:00:00
United States,Money Supply M1,1980-09-30T00:00:00,404.8,Monthly,UNITEDSTAMONSUPM1,2012-12-05T15:00:00
United States,Money Supply M1,1980-10-31T00:00:00,409,Monthly,UNITEDSTAMONSUPM1,2012-12-05T15:00:00
United States,Money Supply M1,1980-11-30T00:00:00,410.7,Monthly,UNITEDSTAMONSUPM1,2015-04-25T21:13:00
United States,Money Supply M1,1980-12-31T00:00:00,408.5,Monthly,UNITEDSTAMONSUPM1,2012-12-05T15:00:00
United States,Money Supply M1,1981-01-31T00:00:00,411.3,Monthly,UNITEDSTAMONSUPM1,2012-12-05T15:00:00
United States,Money Supply M1,1981-02-28T00:00:00,414.8,Monthly,UNITEDSTAMONSUPM1,2015-04-25T21:13:00
United States,Money Supply M1,1981-03-31T00:00:00,419,Monthly,UNITEDSTAMONSUPM1,2015-04-25T21:13:00
United States,Money Supply M1,1981-04-30T00:00:00,427.4,Monthly,UNITEDSTAMONSUPM1,2012-12-05T15:00:00
United States,Money Supply M1,1981-05-31T00:00:00,424.7,Monthly,UNITEDSTAMONSUPM1,2012-12-05T15:00:00
United States,Money Supply M1,1981-06-30T00:00:00,425.2,Monthly,UNITEDSTAMONSUPM1,2012-12-05T15:00:00
United States,Money Supply M1,1981-07-31T00:00:00,426.9,Monthly,UNITEDSTAMONSUPM1,2012-12-05T15:00:00
United States,Money Supply M1,1981-08-31T00:00:00,426.9,Monthly,UNITEDSTAMONSUPM1,2015-04-25T21:13:00
United States,Money Supply M1,1981-09-30T00:00:00,427,Monthly,UNITEDSTAMONSUPM1,2012-12-05T15:00:00
United States,Money Supply M1,1981-10-31T00:00:00,428.4,Monthly,UNITEDSTAMONSUPM1,2012-12-05T15:00:00
United States,Money Supply M1,1981-11-30T00:00:00,431.3,Monthly,UNITEDSTAMONSUPM1,2015-04-25T21:13:00
United States,Money Supply M1,1981-12-31T00:00:00,436.7,Monthly,UNITEDSTAMONSUPM1,2012-12-05T15:00:00
United States,Money Supply M1,1982-01-31T00:00:00,442.7,Monthly,UNITEDSTAMONSUPM1,2012-12-05T15:00:00
United States,Money Supply M1,1982-02-28T00:00:00,441.9,Monthly,UNITEDSTAMONSUPM1,2012-12-05T15:00:00
United States,Money Supply M1,1982-03-31T00:00:00,442.7,Monthly,UNITEDSTAMONSUPM1,2012-12-05T15:00:00
United States,Money Supply M1,1982-04-30T00:00:00,447.1,Monthly,UNITEDSTAMONSUPM1,2012-12-05T15:00:00
United States,Money Supply M1,1982-05-31T00:00:00,446.7,Monthly,UNITEDSTAMONSUPM1,2015-04-25T21:13:00
United States,Money Supply M1,1982-06-30T00:00:00,447.5,Monthly,UNITEDSTAMONSUPM1,2012-12-05T15:00:00
United States,Money Supply M1,1982-07-31T00:00:00,448,Monthly,UNITEDSTAMONSUPM1,2012-12-05T15:00:00
United States,Money Supply M1,1982-08-31T00:00:00,451.4,Monthly,UNITEDSTAMONSUPM1,2015-04-25T21:13:00
United States,Money Supply M1,1982-09-30T00:00:00,456.9,Monthly,UNITEDSTAMONSUPM1,2012-12-05T15:00:00
United States,Money Supply M1,1982-10-31T00:00:00,464.5,Monthly,UNITEDSTAMONSUPM1,2012-12-05T15:00:00
United States,Money Supply M1,1982-11-30T00:00:00,471.5,Monthly,UNITEDSTAMONSUPM1,2012-12-05T15:00:00
United States,Money Supply M1,1982-12-31T00:00:00,474.8,Monthly,UNITEDSTAMONSUPM1,2012-12-05T15:00:00
United States,Money Supply M1,1983-01-31T00:00:00,477.2,Monthly,UNITEDSTAMONSUPM1,2015-04-25T21:13:00
United States,Money Supply M1,1983-02-28T00:00:00,484.3,Monthly,UNITEDSTAMONSUPM1,2012-12-05T15:00:00
United States,Money Supply M1,1983-03-31T00:00:00,490.6,Monthly,UNITEDSTAMONSUPM1,2012-12-05T15:00:00
United States,Money Supply M1,1983-04-30T00:00:00,493.2,Monthly,UNITEDSTAMONSUPM1,2012-12-05T15:00:00
United States,Money Supply M1,1983-05-31T00:00:00,500,Monthly,UNITEDSTAMONSUPM1,2015-04-25T21:13:00
United States,Money Supply M1,1983-06-30T00:00:00,504,Monthly,UNITEDSTAMONSUPM1,2012-12-05T15:00:00
United States,Money Supply M1,1983-07-31T00:00:00,507.8,Monthly,UNITEDSTAMONSUPM1,2012-12-05T15:00:00
United States,Money Supply M1,1983-08-31T00:00:00,510.5,Monthly,UNITEDSTAMONSUPM1,2012-12-05T15:00:00
United States,Money Supply M1,1983-09-30T00:00:00,512.8,Monthly,UNITEDSTAMONSUPM1,2012-12-05T15:00:00
United States,Money Supply M1,1983-10-31T00:00:00,517.2,Monthly,UNITEDSTAMONSUPM1,2015-04-25T21:13:00
United States,Money Supply M1,1983-11-30T00:00:00,519,Monthly,UNITEDSTAMONSUPM1,2012-12-05T15:00:00
United States,Money Supply M1,1983-12-31T00:00:00,521.4,Monthly,UNITEDSTAMONSUPM1,2012-12-05T15:00:00
United States,Money Supply M1,1984-01-31T00:00:00,525.1,Monthly,UNITEDSTAMONSUPM1,2015-04-25T21:13:00
United States,Money Supply M1,1984-02-29T00:00:00,527.5,Monthly,UNITEDSTAMONSUPM1,2012-12-05T15:00:00
United States,Money Supply M1,1984-03-31T00:00:00,531.4,Monthly,UNITEDSTAMONSUPM1,2012-12-05T15:00:00
United States,Money Supply M1,1984-04-30T00:00:00,535,Monthly,UNITEDSTAMONSUPM1,2015-04-25T21:13:00
United States,Money Supply M1,1984-05-31T00:00:00,536.7,Monthly,UNITEDSTAMONSUPM1,2012-12-05T15:00:00
United States,Money Supply M1,1984-06-30T00:00:00,540.2,Monthly,UNITEDSTAMONSUPM1,2012-12-05T15:00:00
United States,Money Supply M1,1984-07-31T00:00:00,540.9,Monthly,UNITEDSTAMONSUPM1,2015-04-25T21:13:00
United States,Money Supply M1,1984-08-31T00:00:00,541,Monthly,UNITEDSTAMONSUPM1,2012-12-05T15:00:00
United States,Money Supply M1,1984-09-30T00:00:00,543.1,Monthly,UNITEDSTAMONSUPM1,2015-04-25T21:13:00
United States,Money Supply M1,1984-10-31T00:00:00,543.7,Monthly,UNITEDSTAMONSUPM1,2012-12-05T15:00:00
United States,Money Supply M1,1984-11-30T00:00:00,547.5,Monthly,UNITEDSTAMONSUPM1,2012-12-05T15:00:00
United States,Money Supply M1,1984-12-31T00:00:00,551.6,Monthly,UNITEDSTAMONSUPM1,2015-04-25T21:13:00
United States,Money Supply M1,1985-01-31T00:00:00,557,Monthly,UNITEDSTAMONSUPM1,2012-12-05T15:00:00
United States,Money Supply M1,1985-02-28T00:00:00,563.6,Monthly,UNITEDSTAMONSUPM1,2012-12-05T15:00:00
United States,Money Supply M1,1985-03-31T00:00:00,566.6,Monthly,UNITEDSTAMONSUPM1,2012-12-05T15:00:00
United States,Money Supply M1,1985-04-30T00:00:00,570.4,Monthly,UNITEDSTAMONSUPM1,2012-12-05T15:00:00
United States,Money Supply M1,1985-05-31T00:00:00,575.1,Monthly,UNITEDSTAMONSUPM1,2012-12-05T15:00:00
United States,Money Supply M1,1985-06-30T00:00:00,582.3,Monthly,UNITEDSTAMONSUPM1,2015-04-25T21:13:00
United States,Money Supply M1,1985-07-31T00:00:00,589.1,Monthly,UNITEDSTAMONSUPM1,2012-12-05T15:00:00
United States,Money Supply M1,1985-08-31T00:00:00,596.2,Monthly,UNITEDSTAMONSUPM1,2012-12-05T15:00:00
United States,Money Supply M1,1985-09-30T00:00:00,603.3,Monthly,UNITEDSTAMONSUPM1,2015-04-25T21:13:00
United States,Money Supply M1,1985-10-31T00:00:00,607.8,Monthly,UNITEDSTAMONSUPM1,2012-12-05T15:00:00
United States,Money Supply M1,1985-11-30T00:00:00,612.2,Monthly,UNITEDSTAMONSUPM1,2012-12-05T15:00:00
United States,Money Supply M1,1985-12-31T00:00:00,619.8,Monthly,UNITEDSTAMONSUPM1,2015-04-25T21:13:00
United States,Money Supply M1,1986-01-31T00:00:00,621.4,Monthly,UNITEDSTAMONSUPM1,2012-12-05T15:00:00
United States,Money Supply M1,1986-02-28T00:00:00,625.2,Monthly,UNITEDSTAMONSUPM1,2015-04-25T21:13:00
United States,Money Supply M1,1986-03-31T00:00:00,633.5,Monthly,UNITEDSTAMONSUPM1,2015-04-25T21:13:00
United States,Money Supply M1,1986-04-30T00:00:00,641,Monthly,UNITEDSTAMONSUPM1,2012-12-05T15:00:00
United States,Money Supply M1,1986-05-31T00:00:00,652,Monthly,UNITEDSTAMONSUPM1,2012-12-05T15:00:00
United States,Money Supply M1,1986-06-30T00:00:00,660.6,Monthly,UNITEDSTAMONSUPM1,2015-04-25T21:13:00
United States,Money Supply M1,1986-07-31T00:00:00,670.3,Monthly,UNITEDSTAMONSUPM1,2012-12-05T15:00:00
United States,Money Supply M1,1986-08-31T00:00:00,678.7,Monthly,UNITEDSTAMONSUPM1,2012-12-05T15:00:00
United States,Money Supply M1,1986-09-30T00:00:00,687.4,Monthly,UNITEDSTAMONSUPM1,2012-12-05T15:00:00
United States,Money Supply M1,1986-10-31T00:00:00,694.9,Monthly,UNITEDSTAMONSUPM1,2012-12-05T15:00:00
United States,Money Supply M1,1986-11-30T00:00:00,705.4,Monthly,UNITEDSTAMONSUPM1,2015-04-25T21:13:00
United States,Money Supply M1,1986-12-31T00:00:00,724.7,Monthly,UNITEDSTAMONSUPM1,2012-12-05T15:00:00
United States,Money Supply M1,1987-01-31T00:00:00,730.2,Monthly,UNITEDSTAMONSUPM1,2012-12-05T15:00:00
United States,Money Supply M1,1987-02-28T00:00:00,730.7,Monthly,UNITEDSTAMONSUPM1,2015-04-25T21:13:00
United States,Money Supply M1,1987-03-31T00:00:00,733.8,Monthly,UNITEDSTAMONSUPM1,2015-04-25T21:13:00
United States,Money Supply M1,1987-04-30T00:00:00,743.9,Monthly,UNITEDSTAMONSUPM1,2012-12-05T15:00:00
United States,Money Supply M1,1987-05-31T00:00:00,745.8,Monthly,UNITEDSTAMONSUPM1,2012-12-05T15:00:00
United States,Money Supply M1,1987-06-30T00:00:00,743.2,Monthly,UNITEDSTAMONSUPM1,2012-12-05T15:00:00
United States,Money Supply M1,1987-07-31T00:00:00,743,Monthly,UNITEDSTAMONSUPM1,2012-12-05T15:00:00
United States,Money Supply M1,1987-08-31T00:00:00,744.9,Monthly,UNITEDSTAMONSUPM1,2015-04-25T21:13:00
United States,Money Supply M1,1987-09-30T00:00:00,747.6,Monthly,UNITEDSTAMONSUPM1,2012-12-05T15:00:00
United States,Money Supply M1,1987-10-31T00:00:00,756.2,Monthly,UNITEDSTAMONSUPM1,2012-12-05T15:00:00
United States,Money Supply M1,1987-11-30T00:00:00,753.2,Monthly,UNITEDSTAMONSUPM1,2015-04-25T21:13:00
United States,Money Supply M1,1987-12-31T00:00:00,750.2,Monthly,UNITEDSTAMONSUPM1,2012-12-05T15:00:00
United States,Money Supply M1,1988-01-31T00:00:00,756.2,Monthly,UNITEDSTAMONSUPM1,2012-12-05T15:00:00
United States,Money Supply M1,1988-02-29T00:00:00,757.7,Monthly,UNITEDSTAMONSUPM1,2012-12-05T15:00:00
United States,Money Supply M1,1988-03-31T00:00:00,761.8,Monthly,UNITEDSTAMONSUPM1,2012-12-05T15:00:00
United States,Money Supply M1,1988-04-30T00:00:00,768.1,Monthly,UNITEDSTAMONSUPM1,2012-12-05T15:00:00
United States,Money Supply M1,1988-05-31T00:00:00,771.7,Monthly,UNITEDSTAMONSUPM1,2015-04-25T21:13:00
United States,Money Supply M1,1988-06-30T00:00:00,778.3,Monthly,UNITEDSTAMONSUPM1,2012-12-05T15:00:00
United States,Money Supply M1,1988-07-31T00:00:00,781.4,Monthly,UNITEDSTAMONSUPM1,2012-12-05T15:00:00
United States,Money Supply M1,1988-08-31T00:00:00,783.3,Monthly,UNITEDSTAMONSUPM1,2012-12-05T15:00:00
United States,Money Supply M1,1988-09-30T00:00:00,783.7,Monthly,UNITEDSTAMONSUPM1,2012-12-05T15:00:00
United States,Money Supply M1,1988-10-31T00:00:00,783.3,Monthly,UNITEDSTAMONSUPM1,2015-04-25T21:13:00
United States,Money Supply M1,1988-11-30T00:00:00,784.9,Monthly,UNITEDSTAMONSUPM1,2012-12-05T15:00:00
United States,Money Supply M1,1988-12-31T00:00:00,786.7,Monthly,UNITEDSTAMONSUPM1,2012-12-05T15:00:00
United States,Money Supply M1,1989-01-31T00:00:00,785.7,Monthly,UNITEDSTAMONSUPM1,2015-04-25T21:13:00
United States,Money Supply M1,1989-02-28T00:00:00,783.8,Monthly,UNITEDSTAMONSUPM1,2012-12-05T15:00:00
United States,Money Supply M1,1989-03-31T00:00:00,783,Monthly,UNITEDSTAMONSUPM1,2012-12-05T15:00:00
United States,Money Supply M1,1989-04-30T00:00:00,779.2,Monthly,UNITEDSTAMONSUPM1,2015-04-25T21:13:00
United States,Money Supply M1,1989-05-31T00:00:00,775,Monthly,UNITEDSTAMONSUPM1,2012-12-05T15:00:00
United States,Money Supply M1,1989-06-30T00:00:00,773.5,Monthly,UNITEDSTAMONSUPM1,2012-12-05T15:00:00
United States,Money Supply M1,1989-07-31T00:00:00,777.8,Monthly,UNITEDSTAMONSUPM1,2015-04-25T21:13:00
United States,Money Supply M1,1989-08-31T00:00:00,779.4,Monthly,UNITEDSTAMONSUPM1,2012-12-05T15:00:00
United States,Money Supply M1,1989-09-30T00:00:00,781,Monthly,UNITEDSTAMONSUPM1,2012-12-05T15:00:00
United States,Money Supply M1,1989-10-31T00:00:00,786.6,Monthly,UNITEDSTAMONSUPM1,2015-04-25T21:13:00
United States,Money Supply M1,1989-11-30T00:00:00,787.9,Monthly,UNITEDSTAMONSUPM1,2012-12-05T15:00:00
United States,Money Supply M1,1989-12-31T00:00:00,792.9,Monthly,UNITEDSTAMONSUPM1,2012-12-05T15:00:00
United States,Money Supply M1,1990-01-31T00:00:00,795.4,Monthly,UNITEDSTAMONSUPM1,2012-12-05T15:00:00
United States,Money Supply M1,1990-02-28T00:00:00,798.1,Monthly,UNITEDSTAMONSUPM1,2012-12-05T15:00:00
United States,Money Supply M1,1990-03-31T00:00:00,801.5,Monthly,UNITEDSTAMONSUPM1,2012-12-05T15:00:00
United States,Money Supply M1,1990-04-30T00:00:00,806.1,Monthly,UNITEDSTAMONSUPM1,2015-04-25T21:13:00
United States,Money Supply M1,1990-05-31T00:00:00,804.2,Monthly,UNITEDSTAMONSUPM1,2012-12-05T15:00:00
United States,Money Supply M1,1990-06-30T00:00:00,808.8,Monthly,UNITEDSTAMONSUPM1,2012-12-05T15:00:00
United States,Money Supply M1,1990-07-31T00:00:00,810.1,Monthly,UNITEDSTAMONSUPM1,2015-04-25T21:13:00
United States,Money Supply M1,1990-08-31T00:00:00,815.7,Monthly,UNITEDSTAMONSUPM1,2012-12-05T15:00:00
United States,Money Supply M1,1990-09-30T00:00:00,820.2,Monthly,UNITEDSTAMONSUPM1,2015-04-25T21:13:00
United States,Money Supply M1,1990-10-31T00:00:00,819.9,Monthly,UNITEDSTAMONSUPM1,2012-12-05T15:00:00
United States,Money Supply M1,1990-11-30T00:00:00,822.1,Monthly,UNITEDSTAMONSUPM1,2012-12-05T15:00:00
United States,Money Supply M1,1990-12-31T00:00:00,824.7,Monthly,UNITEDSTAMONSUPM1,2015-04-25T21:13:00
United States,Money Supply M1,1991-01-31T00:00:00,827.2,Monthly,UNITEDSTAMONSUPM1,2012-12-05T15:00:00
United States,Money Supply M1,1991-02-28T00:00:00,832.6,Monthly,UNITEDSTAMONSUPM1,2012-12-05T15:00:00
United States,Money Supply M1,1991-03-31T00:00:00,838.7,Monthly,UNITEDSTAMONSUPM1,2012-12-05T15:00:00
United States,Money Supply M1,1991-04-30T00:00:00,843.1,Monthly,UNITEDSTAMONSUPM1,2012-12-05T15:00:00
United States,Money Supply M1,1991-05-31T00:00:00,848.8,Monthly,UNITEDSTAMONSUPM1,2012-12-05T15:00:00
United States,Money Supply M1,1991-06-30T00:00:00,856.7,Monthly,UNITEDSTAMONSUPM1,2015-04-25T21:13:00
United States,Money Supply M1,1991-07-31T00:00:00,861.6,Monthly,UNITEDSTAMONSUPM1,2012-12-05T15:00:00
United States,Money Supply M1,1991-08-31T00:00:00,866.8,Monthly,UNITEDSTAMONSUPM1,2015-04-25T21:13:00
United States,Money Supply M1,1991-09-30T00:00:00,869.7,Monthly,UNITEDSTAMONSUPM1,2015-04-25T21:13:00
United States,Money Supply M1,1991-10-31T00:00:00,878,Monthly,UNITEDSTAMONSUPM1,2012-12-05T15:00:00
United States,Money Supply M1,1991-11-30T00:00:00,887.6,Monthly,UNITEDSTAMONSUPM1,2012-12-05T15:00:00
United States,Money Supply M1,1991-12-31T00:00:00,897,Monthly,UNITEDSTAMONSUPM1,2015-04-25T21:13:00
United States,Money Supply M1,1992-01-31T00:00:00,910.4,Monthly,UNITEDSTAMONSUPM1,2012-12-05T15:00:00
United States,Money Supply M1,1992-02-29T00:00:00,925.2,Monthly,UNITEDSTAMONSUPM1,2015-04-25T21:13:00
United States,Money Supply M1,1992-03-31T00:00:00,936.7,Monthly,UNITEDSTAMONSUPM1,2015-04-25T21:13:00
United States,Money Supply M1,1992-04-30T00:00:00,943.8,Monthly,UNITEDSTAMONSUPM1,2012-12-05T15:00:00
United States,Money Supply M1,1992-05-31T00:00:00,950.6,Monthly,UNITEDSTAMONSUPM1,2012-12-05T15:00:00
United States,Money Supply M1,1992-06-30T00:00:00,954.3,Monthly,UNITEDSTAMONSUPM1,2012-12-05T15:00:00
United States,Money Supply M1,1992-07-31T00:00:00,963.3,Monthly,UNITEDSTAMONSUPM1,2012-12-05T15:00:00
United States,Money Supply M1,1992-08-31T00:00:00,973.7,Monthly,UNITEDSTAMONSUPM1,2015-04-25T21:13:00
United States,Money Supply M1,1992-09-30T00:00:00,988,Monthly,UNITEDSTAMONSUPM1,2012-12-05T15:00:00
United States,Money Supply M1,1992-10-31T00:00:00,1003.7,Monthly,UNITEDSTAMONSUPM1,2012-12-05T15:00:00
United States,Money Supply M1,1992-11-30T00:00:00,1015.7,Monthly,UNITEDSTAMONSUPM1,2015-04-25T21:13:00
United States,Money Supply M1,1992-12-31T00:00:00,1024.9,Monthly,UNITEDSTAMONSUPM1,2012-12-05T15:00:00
United States,Money Supply M1,1993-01-31T00:00:00,1030.4,Monthly,UNITEDSTAMONSUPM1,2012-12-05T15:00:00
United States,Money Supply M1,1993-02-28T00:00:00,1033.5,Monthly,UNITEDSTAMONSUPM1,2012-12-05T15:00:00
United States,Money Supply M1,1993-03-31T00:00:00,1038.4,Monthly,UNITEDSTAMONSUPM1,2015-04-25T21:13:00
United States,Money Supply M1,1993-04-30T00:00:00,1047.6,Monthly,UNITEDSTAMONSUPM1,2015-04-25T21:13:00
United States,Money Supply M1,1993-05-31T00:00:00,1065.9,Monthly,UNITEDSTAMONSUPM1,2015-04-25T21:13:00
United States,Money Supply M1,1993-06-30T00:00:00,1075.1,Monthly,UNITEDSTAMONSUPM1,2012-12-05T15:00:00
United States,Money Supply M1,1993-07-31T00:00:00,1084.6,Monthly,UNITEDSTAMONSUPM1,2015-04-25T21:13:00
United States,Money Supply M1,1993-08-31T00:00:00,1094.2,Monthly,UNITEDSTAMONSUPM1,2015-04-25T21:13:00
United States,Money Supply M1,1993-09-30T00:00:00,1104.2,Monthly,UNITEDSTAMONSUPM1,2015-04-25T21:13:00
United States,Money Supply M1,1993-10-31T00:00:00,1113.1,Monthly,UNITEDSTAMONSUPM1,2015-04-25T21:13:00
United States,Money Supply M1,1993-11-30T00:00:00,1124.1,Monthly,UNITEDSTAMONSUPM1,2015-04-25T21:13:00
United States,Money Supply M1,1993-12-31T00:00:00,1129.6,Monthly,UNITEDSTAMONSUPM1,2015-04-25T21:13:00
United States,Money Supply M1,1994-01-31T00:00:00,1131.6,Monthly,UNITEDSTAMONSUPM1,2015-04-25T21:13:00
United States,Money Supply M1,1994-02-28T00:00:00,1136.3,Monthly,UNITEDSTAMONSUPM1,2012-12-05T15:00:00
United States,Money Supply M1,1994-03-31T00:00:00,1140.1,Monthly,UNITEDSTAMONSUPM1,2015-04-25T21:13:00
United States,Money Supply M1,1994-04-30T00:00:00,1141.1,Monthly,UNITEDSTAMONSUPM1,2012-12-05T15:00:00
United States,Money Supply M1,1994-05-31T00:00:00,1143.3,Monthly,UNITEDSTAMONSUPM1,2015-04-25T21:13:00
United States,Money Supply M1,1994-06-30T00:00:00,1145.2,Monthly,UNITEDSTAMONSUPM1,2015-04-25T21:13:00
United States,Money Supply M1,1994-07-31T00:00:00,1150.7,Monthly,UNITEDSTAMONSUPM1,2015-04-25T21:13:00
United States,Money Supply M1,1994-08-31T00:00:00,1150.6,Monthly,UNITEDSTAMONSUPM1,2012-12-05T15:00:00
United States,Money Supply M1,1994-09-30T00:00:00,1151.9,Monthly,UNITEDSTAMONSUPM1,2015-04-25T21:13:00
United States,Money Supply M1,1994-10-31T00:00:00,1150.2,Monthly,UNITEDSTAMONSUPM1,2015-04-25T21:13:00
United States,Money Supply M1,1994-11-30T00:00:00,1150.9,Monthly,UNITEDSTAMONSUPM1,2015-04-25T21:13:00
United States,Money Supply M1,1994-12-31T00:00:00,1150.7,Monthly,UNITEDSTAMONSUPM1,2015-04-25T21:13:00
United States,Money Supply M1,1995-01-31T00:00:00,1151.4,Monthly,UNITEDSTAMONSUPM1,2015-04-25T21:13:00
United States,Money Supply M1,1995-02-28T00:00:00,1147.4,Monthly,UNITEDSTAMONSUPM1,2015-04-25T21:13:00
United States,Money Supply M1,1995-03-31T00:00:00,1146.7,Monthly,UNITEDSTAMONSUPM1,2015-04-25T21:13:00
United States,Money Supply M1,1995-04-30T00:00:00,1149.3,Monthly,UNITEDSTAMONSUPM1,2015-04-25T21:13:00
United States,Money Supply M1,1995-05-31T00:00:00,1145.3,Monthly,UNITEDSTAMONSUPM1,2012-12-05T15:00:00
United States,Money Supply M1,1995-06-30T00:00:00,1144.2,Monthly,UNITEDSTAMONSUPM1,2015-04-25T21:13:00
United States,Money Supply M1,1995-07-31T00:00:00,1145.5,Monthly,UNITEDSTAMONSUPM1,2015-04-25T21:13:00
United States,Money Supply M1,1995-08-31T00:00:00,1145.4,Monthly,UNITEDSTAMONSUPM1,2015-04-25T21:13:00
United States,Money Supply M1,1995-09-30T00:00:00,1142,Monthly,UNITEDSTAMONSUPM1,2012-12-05T15:00:00
United States,Money Supply M1,1995-10-31T00:00:00,1137.3,Monthly,UNITEDSTAMONSUPM1,2015-04-25T21:13:00
United States,Money Supply M1,1995-11-30T00:00:00,1134.1,Monthly,UNITEDSTAMONSUPM1,2012-12-05T15:00:00
United States,Money Supply M1,1995-12-31T00:00:00,1127.5,Monthly,UNITEDSTAMONSUPM1,2012-12-05T15:00:00
United States,Money Supply M1,1996-01-31T00:00:00,1123.5,Monthly,UNITEDSTAMONSUPM1,2012-12-05T15:00:00
United States,Money Supply M1,1996-02-29T00:00:00,1118.5,Monthly,UNITEDSTAMONSUPM1,2012-12-05T15:00:00
United States,Money Supply M1,1996-03-31T00:00:00,1122.6,Monthly,UNITEDSTAMONSUPM1,2012-12-05T15:00:00
United States,Money Supply M1,1996-04-30T00:00:00,1124.8,Monthly,UNITEDSTAMONSUPM1,2012-12-05T15:00:00
United States,Money Supply M1,1996-05-31T00:00:00,1116.5,Monthly,UNITEDSTAMONSUPM1,2015-04-25T21:13:00
United States,Money Supply M1,1996-06-30T00:00:00,1115.2,Monthly,UNITEDSTAMONSUPM1,2015-04-25T21:13:00
United States,Money Supply M1,1996-07-31T00:00:00,1112.4,Monthly,UNITEDSTAMONSUPM1,2012-12-05T15:00:00
United States,Money Supply M1,1996-08-31T00:00:00,1101.6,Monthly,UNITEDSTAMONSUPM1,2015-04-25T21:13:00
United States,Money Supply M1,1996-09-30T00:00:00,1096.2,Monthly,UNITEDSTAMONSUPM1,2015-04-25T21:13:00
United States,Money Supply M1,1996-10-31T00:00:00,1085.7,Monthly,UNITEDSTAMONSUPM1,2015-04-25T21:13:00
United States,Money Supply M1,1996-11-30T00:00:00,1083.5,Monthly,UNITEDSTAMONSUPM1,2015-04-25T21:13:00
United States,Money Supply M1,1996-12-31T00:00:00,1081.3,Monthly,UNITEDSTAMONSUPM1,2015-04-25T21:13:00
United States,Money Supply M1,1997-01-31T00:00:00,1081.2,Monthly,UNITEDSTAMONSUPM1,2015-04-25T21:13:00
United States,Money Supply M1,1997-02-28T00:00:00,1078.8,Monthly,UNITEDSTAMONSUPM1,2015-04-25T21:13:00
United States,Money Supply M1,1997-03-31T00:00:00,1072.5,Monthly,UNITEDSTAMONSUPM1,2015-04-25T21:13:00
United States,Money Supply M1,1997-04-30T00:00:00,1063.9,Monthly,UNITEDSTAMONSUPM1,2015-04-25T21:13:00
United States,Money Supply M1,1997-05-31T00:00:00,1063.8,Monthly,UNITEDSTAMONSUPM1,2012-12-05T15:00:00
United States,Money Supply M1,1997-06-30T00:00:00,1066.1,Monthly,UNITEDSTAMONSUPM1,2015-04-25T21:13:00
United States,Money Supply M1,1997-07-31T00:00:00,1065.5,Monthly,UNITEDSTAMONSUPM1,2015-04-25T21:13:00
United States,Money Supply M1,1997-08-31T00:00:00,1075.3,Monthly,UNITEDSTAMONSUPM1,2015-04-25T21:13:00
United States,Money Supply M1,1997-09-30T00:00:00,1066.9,Monthly,UNITEDSTAMONSUPM1,2015-04-25T21:13:00
United States,Money Supply M1,1997-10-31T00:00:00,1065.6,Monthly,UNITEDSTAMONSUPM1,2015-04-25T21:13:00
United States,Money Supply M1,1997-11-30T00:00:00,1070.9,Monthly,UNITEDSTAMONSUPM1,2015-04-25T21:13:00
United States,Money Supply M1,1997-12-31T00:00:00,1072.3,Monthly,UNITEDSTAMONSUPM1,2015-04-25T21:13:00
United States,Money Supply M1,1998-01-31T00:00:00,1074,Monthly,UNITEDSTAMONSUPM1,2012-12-05T15:00:00
United States,Money Supply M1,1998-02-28T00:00:00,1077.8,Monthly,UNITEDSTAMONSUPM1,2015-04-25T21:13:00
United States,Money Supply M1,1998-03-31T00:00:00,1076.9,Monthly,UNITEDSTAMONSUPM1,2015-04-25T21:13:00
United States,Money Supply M1,1998-04-30T00:00:00,1076.5,Monthly,UNITEDSTAMONSUPM1,2015-04-25T21:13:00
United States,Money Supply M1,1998-05-31T00:00:00,1079.1,Monthly,UNITEDSTAMONSUPM1,2015-04-25T21:13:00
United States,Money Supply M1,1998-06-30T00:00:00,1076.3,Monthly,UNITEDSTAMONSUPM1,2015-04-25T21:13:00
United States,Money Supply M1,1998-07-31T00:00:00,1075.1,Monthly,UNITEDSTAMONSUPM1,2015-04-25T21:13:00
United States,Money Supply M1,1998-08-31T00:00:00,1075.9,Monthly,UNITEDSTAMONSUPM1,2015-04-25T21:13:00
United States,Money Supply M1,1998-09-30T00:00:00,1079.9,Monthly,UNITEDSTAMONSUPM1,2015-04-25T21:13:00
United States,Money Supply M1,1998-10-31T00:00:00,1086,Monthly,UNITEDSTAMONSUPM1,2015-04-25T21:13:00
United States,Money Supply M1,1998-11-30T00:00:00,1094.9,Monthly,UNITEDSTAMONSUPM1,2015-04-25T21:13:00
United States,Money Supply M1,1998-12-31T00:00:00,1095,Monthly,UNITEDSTAMONSUPM1,2015-04-25T21:13:00
United States,Money Supply M1,1999-01-31T00:00:00,1098.1,Monthly,UNITEDSTAMONSUPM1,2015-04-25T21:13:00
United States,Money Supply M1,1999-02-28T00:00:00,1096.7,Monthly,UNITEDSTAMONSUPM1,2015-04-25T21:13:00
United States,Money Supply M1,1999-03-31T00:00:00,1096.6,Monthly,UNITEDSTAMONSUPM1,2015-04-25T21:13:00
United States,Money Supply M1,1999-04-30T00:00:00,1101.6,Monthly,UNITEDSTAMONSUPM1,2015-04-25T21:13:00
United States,Money Supply M1,1999-05-31T00:00:00,1103.8,Monthly,UNITEDSTAMONSUPM1,2015-04-25T21:13:00
United States,Money Supply M1,1999-06-30T00:00:00,1099.8,Monthly,UNITEDSTAMONSUPM1,2015-04-25T21:13:00
United States,Money Supply M1,1999-07-31T00:00:00,1099.1,Monthly,UNITEDSTAMONSUPM1,2015-04-25T21:13:00
United States,Money Supply M1,1999-08-31T00:00:00,1099.2,Monthly,UNITEDSTAMONSUPM1,2015-04-25T21:13:00
United States,Money Supply M1,1999-09-30T00:00:00,1096.5,Monthly,UNITEDSTAMONSUPM1,2015-04-25T21:13:00
United States,Money Supply M1,1999-10-31T00:00:00,1103.3,Monthly,UNITEDSTAMONSUPM1,2015-04-25T21:13:00
United States,Money Supply M1,1999-11-30T00:00:00,1110.7,Monthly,UNITEDSTAMONSUPM1,2015-04-25T21:13:00
United States,Money Supply M1,1999-12-31T00:00:00,1122.2,Monthly,UNITEDSTAMONSUPM1,2015-04-25T21:13:00
United States,Money Supply M1,2000-01-31T00:00:00,1122.2,Monthly,UNITEDSTAMONSUPM1,2020-07-13T15:10:00
United States,Money Supply M1,2000-02-29T00:00:00,1108.6,Monthly,UNITEDSTAMONSUPM1,2020-07-13T15:10:00
United States,Money Supply M1,2000-03-31T00:00:00,1107.5,Monthly,UNITEDSTAMONSUPM1,2020-07-13T15:10:00
United States,Money Supply M1,2000-04-30T00:00:00,1115.6,Monthly,UNITEDSTAMONSUPM1,2020-07-13T15:10:00
United States,Money Supply M1,2000-05-31T00:00:00,1104.9,Monthly,UNITEDSTAMONSUPM1,2020-07-13T15:10:00
United States,Money Supply M1,2000-06-30T00:00:00,1102.6,Monthly,UNITEDSTAMONSUPM1,2020-07-13T15:10:00
United States,Money Supply M1,2000-07-31T00:00:00,1103.5,Monthly,UNITEDSTAMONSUPM1,2020-07-13T15:10:00
United States,Money Supply M1,2000-08-31T00:00:00,1100.2,Monthly,UNITEDSTAMONSUPM1,2020-07-13T15:10:00
United States,Money Supply M1,2000-09-30T00:00:00,1099.7,Monthly,UNITEDSTAMONSUPM1,2020-07-13T15:10:00
United States,Money Supply M1,2000-10-31T00:00:00,1098.7,Monthly,UNITEDSTAMONSUPM1,2020-07-13T15:10:00
United States,Money Supply M1,2000-11-30T00:00:00,1092.4,Monthly,UNITEDSTAMONSUPM1,2020-07-13T15:10:00
United States,Money Supply M1,2000-12-31T00:00:00,1088.6,Monthly,UNITEDSTAMONSUPM1,2020-07-13T15:10:00
United States,Money Supply M1,2001-01-31T00:00:00,1096.7,Monthly,UNITEDSTAMONSUPM1,2020-07-13T15:10:00
United States,Money Supply M1,2001-02-28T00:00:00,1101.2,Monthly,UNITEDSTAMONSUPM1,2020-07-13T15:10:00
United States,Money Supply M1,2001-03-31T00:00:00,1108.9,Monthly,UNITEDSTAMONSUPM1,2020-07-13T15:10:00
United States,Money Supply M1,2001-04-30T00:00:00,1116.7,Monthly,UNITEDSTAMONSUPM1,2020-07-13T15:10:00
United States,Money Supply M1,2001-05-31T00:00:00,1118.5,Monthly,UNITEDSTAMONSUPM1,2020-07-13T15:10:00
United States,Money Supply M1,2001-06-30T00:00:00,1126.2,Monthly,UNITEDSTAMONSUPM1,2020-07-13T15:10:00
United States,Money Supply M1,2001-07-31T00:00:00,1138.9,Monthly,UNITEDSTAMONSUPM1,2020-07-13T15:10:00
United States,Money Supply M1,2001-08-31T00:00:00,1150.2,Monthly,UNITEDSTAMONSUPM1,2020-07-13T15:10:00
United States,Money Supply M1,2001-09-30T00:00:00,1205.7,Monthly,UNITEDSTAMONSUPM1,2020-07-13T15:10:00
United States,Money Supply M1,2001-10-31T00:00:00,1165.7,Monthly,UNITEDSTAMONSUPM1,2020-07-13T15:10:00
United States,Money Supply M1,2001-11-30T00:00:00,1171,Monthly,UNITEDSTAMONSUPM1,2020-07-13T15:10:00
United States,Money Supply M1,2001-12-31T00:00:00,1183.2,Monthly,UNITEDSTAMONSUPM1,2020-07-13T15:10:00
United States,Money Supply M1,2002-01-31T00:00:00,1190.7,Monthly,UNITEDSTAMONSUPM1,2020-07-13T15:10:00
United States,Money Supply M1,2002-02-28T00:00:00,1190.6,Monthly,UNITEDSTAMONSUPM1,2020-07-13T15:10:00
United States,Money Supply M1,2002-03-31T00:00:00,1193.3,Monthly,UNITEDSTAMONSUPM1,2020-07-13T15:10:00
United States,Money Supply M1,2002-04-30T00:00:00,1186.9,Monthly,UNITEDSTAMONSUPM1,2020-07-13T15:10:00
United States,Money Supply M1,2002-05-31T00:00:00,1189.3,Monthly,UNITEDSTAMONSUPM1,2020-07-13T15:10:00
United States,Money Supply M1,2002-06-30T00:00:00,1193.3,Monthly,UNITEDSTAMONSUPM1,2020-07-13T15:10:00
United States,Money Supply M1,2002-07-31T00:00:00,1199.1,Monthly,UNITEDSTAMONSUPM1,2020-07-13T15:10:00
United States,Money Supply M1,2002-08-31T00:00:00,1187.1,Monthly,UNITEDSTAMONSUPM1,2020-07-13T15:10:00
United States,Money Supply M1,2002-09-30T00:00:00,1196.1,Monthly,UNITEDSTAMONSUPM1,2020-07-13T15:10:00
United States,Money Supply M1,2002-10-31T00:00:00,1204,Monthly,UNITEDSTAMONSUPM1,2020-07-13T15:10:00
United States,Money Supply M1,2002-11-30T00:00:00,1209.6,Monthly,UNITEDSTAMONSUPM1,2020-07-13T15:10:00
United States,Money Supply M1,2002-12-31T00:00:00,1220.2,Monthly,UNITEDSTAMONSUPM1,2020-07-13T15:10:00
United States,Money Supply M1,2003-01-31T00:00:00,1227.3,Monthly,UNITEDSTAMONSUPM1,2020-07-13T15:10:00
United States,Money Supply M1,2003-02-28T00:00:00,1238.2,Monthly,UNITEDSTAMONSUPM1,2020-07-13T15:10:00
United States,Money Supply M1,2003-03-31T00:00:00,1239.3,Monthly,UNITEDSTAMONSUPM1,2020-07-13T15:10:00
United States,Money Supply M1,2003-04-30T00:00:00,1250,Monthly,UNITEDSTAMONSUPM1,2020-07-13T15:10:00
United States,Money Supply M1,2003-05-31T00:00:00,1268.8,Monthly,UNITEDSTAMONSUPM1,2020-07-13T15:10:00
United States,Money Supply M1,2003-06-30T00:00:00,1281,Monthly,UNITEDSTAMONSUPM1,2020-07-13T15:10:00
United States,Money Supply M1,2003-07-31T00:00:00,1287.5,Monthly,UNITEDSTAMONSUPM1,2020-07-13T15:10:00
United States,Money Supply M1,2003-08-31T00:00:00,1296.4,Monthly,UNITEDSTAMONSUPM1,2020-07-13T15:10:00
United States,Money Supply M1,2003-09-30T00:00:00,1297.2,Monthly,UNITEDSTAMONSUPM1,2020-07-13T15:10:00
United States,Money Supply M1,2003-10-31T00:00:00,1297.8,Monthly,UNITEDSTAMONSUPM1,2020-07-13T15:10:00
United States,Money Supply M1,2003-11-30T00:00:00,1299.1,Monthly,UNITEDSTAMONSUPM1,2020-07-13T15:10:00
United States,Money Supply M1,2003-12-31T00:00:00,1306.2,Monthly,UNITEDSTAMONSUPM1,2020-07-13T15:10:00
United States,Money Supply M1,2004-01-31T00:00:00,1306,Monthly,UNITEDSTAMONSUPM1,2020-07-13T15:10:00
United States,Money Supply M1,2004-02-29T00:00:00,1321.4,Monthly,UNITEDSTAMONSUPM1,2020-07-13T15:10:00
United States,Money Supply M1,2004-03-31T00:00:00,1328.7,Monthly,UNITEDSTAMONSUPM1,2020-07-13T15:10:00
United States,Money Supply M1,2004-04-30T00:00:00,1332.8,Monthly,UNITEDSTAMONSUPM1,2020-07-13T15:10:00
United States,Money Supply M1,2004-05-31T00:00:00,1333.3,Monthly,UNITEDSTAMONSUPM1,2020-07-13T15:10:00
United States,Money Supply M1,2004-06-30T00:00:00,1342.7,Monthly,UNITEDSTAMONSUPM1,2020-07-13T15:10:00
United States,Money Supply M1,2004-07-31T00:00:00,1340.8,Monthly,UNITEDSTAMONSUPM1,2020-07-13T15:10:00
United States,Money Supply M1,2004-08-31T00:00:00,1354.3,Monthly,UNITEDSTAMONSUPM1,2020-07-13T15:10:00
United States,Money Supply M1,2004-09-30T00:00:00,1362.5,Monthly,UNITEDSTAMONSUPM1,2020-07-13T15:10:00
United States,Money Supply M1,2004-10-31T00:00:00,1362.3,Monthly,UNITEDSTAMONSUPM1,2020-07-13T15:10:00
United States,Money Supply M1,2004-11-30T00:00:00,1374.2,Monthly,UNITEDSTAMONSUPM1,2015-04-25T21:13:00
United States,Money Supply M1,2004-12-31T00:00:00,1376,Monthly,UNITEDSTAMONSUPM1,2020-07-13T15:10:00
United States,Money Supply M1,2005-01-31T00:00:00,1367.1,Monthly,UNITEDSTAMONSUPM1,2020-07-13T15:10:00
United States,Money Supply M1,2005-02-28T00:00:00,1371.1,Monthly,UNITEDSTAMONSUPM1,2020-07-13T15:10:00
United States,Money Supply M1,2005-03-31T00:00:00,1370.9,Monthly,UNITEDSTAMONSUPM1,2020-07-13T15:10:00
United States,Money Supply M1,2005-04-30T00:00:00,1358.4,Monthly,UNITEDSTAMONSUPM1,2020-07-13T15:10:00
United States,Money Supply M1,2005-05-31T00:00:00,1366,Monthly,UNITEDSTAMONSUPM1,2020-07-13T15:10:00
United States,Money Supply M1,2005-06-30T00:00:00,1380.1,Monthly,UNITEDSTAMONSUPM1,2020-07-13T15:10:00
United States,Money Supply M1,2005-07-31T00:00:00,1369,Monthly,UNITEDSTAMONSUPM1,2020-07-13T15:10:00
United States,Money Supply M1,2005-08-31T00:00:00,1377.8,Monthly,UNITEDSTAMONSUPM1,2020-07-13T15:10:00
United States,Money Supply M1,2005-09-30T00:00:00,1378.6,Monthly,UNITEDSTAMONSUPM1,2020-07-13T15:10:00
United States,Money Supply M1,2005-10-31T00:00:00,1376.5,Monthly,UNITEDSTAMONSUPM1,2020-07-13T15:10:00
United States,Money Supply M1,2005-11-30T00:00:00,1376.1,Monthly,UNITEDSTAMONSUPM1,2020-07-13T15:10:00
United States,Money Supply M1,2005-12-31T00:00:00,1374.3,Monthly,UNITEDSTAMONSUPM1,2020-07-13T15:10:00
United States,Money Supply M1,2006-01-31T00:00:00,1379.5,Monthly,UNITEDSTAMONSUPM1,2020-07-13T15:10:00
United States,Money Supply M1,2006-02-28T00:00:00,1378.4,Monthly,UNITEDSTAMONSUPM1,2020-07-13T15:10:00
United States,Money Supply M1,2006-03-31T00:00:00,1383.2,Monthly,UNITEDSTAMONSUPM1,2020-07-13T15:10:00
United States,Money Supply M1,2006-04-30T00:00:00,1381.4,Monthly,UNITEDSTAMONSUPM1,2020-07-13T15:10:00
United States,Money Supply M1,2006-05-31T00:00:00,1387.2,Monthly,UNITEDSTAMONSUPM1,2015-04-25T21:13:00
United States,Money Supply M1,2006-06-30T00:00:00,1375.4,Monthly,UNITEDSTAMONSUPM1,2020-07-13T15:10:00
United States,Money Supply M1,2006-07-31T00:00:00,1372.4,Monthly,UNITEDSTAMONSUPM1,2020-07-13T15:10:00
United States,Money Supply M1,2006-08-31T00:00:00,1372.4,Monthly,UNITEDSTAMONSUPM1,2020-07-13T15:10:00
United States,Money Supply M1,2006-09-30T00:00:00,1364.4,Monthly,UNITEDSTAMONSUPM1,2020-07-13T15:10:00
United States,Money Supply M1,2006-10-31T00:00:00,1370.3,Monthly,UNITEDSTAMONSUPM1,2020-07-13T15:10:00
United States,Money Supply M1,2006-11-30T00:00:00,1370.8,Monthly,UNITEDSTAMONSUPM1,2020-07-13T15:10:00
United States,Money Supply M1,2006-12-31T00:00:00,1366.6,Monthly,UNITEDSTAMONSUPM1,2020-07-13T15:10:00
United States,Money Supply M1,2007-01-31T00:00:00,1371.7,Monthly,UNITEDSTAMONSUPM1,2020-07-13T15:10:00
United States,Money Supply M1,2007-02-28T00:00:00,1363,Monthly,UNITEDSTAMONSUPM1,2020-07-13T15:10:00
United States,Money Supply M1,2007-03-31T00:00:00,1366.5,Monthly,UNITEDSTAMONSUPM1,2020-07-13T15:10:00
United States,Money Supply M1,2007-04-30T00:00:00,1378,Monthly,UNITEDSTAMONSUPM1,2020-07-13T15:10:00
United States,Money Supply M1,2007-05-31T00:00:00,1380.9,Monthly,UNITEDSTAMONSUPM1,2020-07-13T15:10:00
United States,Money Supply M1,2007-06-30T00:00:00,1368.2,Monthly,UNITEDSTAMONSUPM1,2020-07-13T15:10:00
United States,Money Supply M1,2007-07-31T00:00:00,1371.8,Monthly,UNITEDSTAMONSUPM1,2020-07-13T15:10:00
United States,Money Supply M1,2007-08-31T00:00:00,1376.3,Monthly,UNITEDSTAMONSUPM1,2020-07-13T15:10:00
United States,Money Supply M1,2007-09-30T00:00:00,1375.7,Monthly,UNITEDSTAMONSUPM1,2020-07-13T15:10:00
United States,Money Supply M1,2007-10-31T00:00:00,1379.4,Monthly,UNITEDSTAMONSUPM1,2020-07-13T15:10:00
United States,Money Supply M1,2007-11-30T00:00:00,1371.8,Monthly,UNITEDSTAMONSUPM1,2020-07-13T15:10:00
United States,Money Supply M1,2007-12-31T00:00:00,1373.4,Monthly,UNITEDSTAMONSUPM1,2020-07-13T15:10:00
United States,Money Supply M1,2008-01-31T00:00:00,1377.7,Monthly,UNITEDSTAMONSUPM1,2020-07-13T15:10:00
United States,Money Supply M1,2008-02-29T00:00:00,1380.4,Monthly,UNITEDSTAMONSUPM1,2020-07-13T15:10:00
United States,Money Supply M1,2008-03-31T00:00:00,1388.7,Monthly,UNITEDSTAMONSUPM1,2020-07-13T15:10:00
United States,Money Supply M1,2008-04-30T00:00:00,1391.4,Monthly,UNITEDSTAMONSUPM1,2020-07-13T15:10:00
United States,Money Supply M1,2008-05-31T00:00:00,1393.4,Monthly,UNITEDSTAMONSUPM1,2020-07-13T15:10:00
United States,Money Supply M1,2008-06-30T00:00:00,1404.6,Monthly,UNITEDSTAMONSUPM1,2020-07-13T15:10:00
United States,Money Supply M1,2008-07-31T00:00:00,1421.1,Monthly,UNITEDSTAMONSUPM1,2020-07-13T15:10:00
United States,Money Supply M1,2008-08-31T00:00:00,1407.4,Monthly,UNITEDSTAMONSUPM1,2020-07-13T15:10:00
United States,Money Supply M1,2008-09-30T00:00:00,1462,Monthly,UNITEDSTAMONSUPM1,2020-07-13T15:10:00
United States,Money Supply M1,2008-10-31T00:00:00,1473.8,Monthly,UNITEDSTAMONSUPM1,2020-07-13T15:10:00
United States,Money Supply M1,2008-11-30T00:00:00,1514.6,Monthly,UNITEDSTAMONSUPM1,2020-07-13T15:10:00
United States,Money Supply M1,2008-12-31T00:00:00,1601.7,Monthly,UNITEDSTAMONSUPM1,2020-07-13T15:10:00
United States,Money Supply M1,2009-01-31T00:00:00,1582.8,Monthly,UNITEDSTAMONSUPM1,2020-07-13T15:10:00
United States,Money Supply M1,2009-02-28T00:00:00,1567.2,Monthly,UNITEDSTAMONSUPM1,2020-07-13T15:10:00
United States,Money Supply M1,2009-03-31T00:00:00,1578.9,Monthly,UNITEDSTAMONSUPM1,2020-07-13T15:10:00
United States,Money Supply M1,2009-04-30T00:00:00,1611.6,Monthly,UNITEDSTAMONSUPM1,2020-07-13T15:10:00
United States,Money Supply M1,2009-05-31T00:00:00,1617.5,Monthly,UNITEDSTAMONSUPM1,2020-07-13T15:10:00
United States,Money Supply M1,2009-06-30T00:00:00,1658.8,Monthly,UNITEDSTAMONSUPM1,2020-07-13T15:10:00
United States,Money Supply M1,2009-07-31T00:00:00,1662.5,Monthly,UNITEDSTAMONSUPM1,2020-07-13T15:10:00
United States,Money Supply M1,2009-08-31T00:00:00,1660,Monthly,UNITEDSTAMONSUPM1,2020-07-13T15:10:00
United States,Money Supply M1,2009-09-30T00:00:00,1664.9,Monthly,UNITEDSTAMONSUPM1,2020-07-13T15:10:00
United States,Money Supply M1,2009-10-31T00:00:00,1677.8,Monthly,UNITEDSTAMONSUPM1,2020-07-13T15:10:00
United States,Money Supply M1,2009-11-30T00:00:00,1683,Monthly,UNITEDSTAMONSUPM1,2020-07-13T15:10:00
United States,Money Supply M1,2009-12-31T00:00:00,1692.8,Monthly,UNITEDSTAMONSUPM1,2020-07-13T15:10:00
United States,Money Supply M1,2010-01-31T00:00:00,1674.7,Monthly,UNITEDSTAMONSUPM1,2020-07-13T15:10:00
United States,Money Supply M1,2010-02-28T00:00:00,1699.8,Monthly,UNITEDSTAMONSUPM1,2020-07-13T15:10:00
United States,Money Supply M1,2010-03-31T00:00:00,1711.9,Monthly,UNITEDSTAMONSUPM1,2020-07-13T15:10:00
United States,Money Supply M1,2010-04-30T00:00:00,1699,Monthly,UNITEDSTAMONSUPM1,2020-07-13T15:10:00
United States,Money Supply M1,2010-05-31T00:00:00,1710.1,Monthly,UNITEDSTAMONSUPM1,2020-07-13T15:10:00
United States,Money Supply M1,2010-06-30T00:00:00,1731.6,Monthly,UNITEDSTAMONSUPM1,2020-07-13T15:10:00
United States,Money Supply M1,2010-07-31T00:00:00,1724,Monthly,UNITEDSTAMONSUPM1,2020-07-13T15:10:00
United States,Money Supply M1,2010-08-31T00:00:00,1748.7,Monthly,UNITEDSTAMONSUPM1,2020-07-13T15:10:00
United States,Money Supply M1,2010-09-30T00:00:00,1766.2,Monthly,UNITEDSTAMONSUPM1,2020-07-13T15:10:00
United States,Money Supply M1,2010-10-31T00:00:00,1780.4,Monthly,UNITEDSTAMONSUPM1,2020-07-13T15:10:00
United States,Money Supply M1,2010-11-30T00:00:00,1828.4,Monthly,UNITEDSTAMONSUPM1,2020-07-13T15:10:00
United States,Money Supply M1,2010-12-31T00:00:00,1836.7,Monthly,UNITEDSTAMONSUPM1,2020-07-13T15:10:00
United States,Money Supply M1,2011-01-31T00:00:00,1853.5,Monthly,UNITEDSTAMONSUPM1,2020-07-13T15:10:00
United States,Money Supply M1,2011-02-28T00:00:00,1872.6,Monthly,UNITEDSTAMONSUPM1,2020-07-13T15:10:00
United States,Money Supply M1,2011-03-31T00:00:00,1891.3,Monthly,UNITEDSTAMONSUPM1,2020-07-13T15:10:00
United States,Money Supply M1,2011-04-30T00:00:00,1900.8,Monthly,UNITEDSTAMONSUPM1,2020-07-13T15:10:00
United States,Money Supply M1,2011-05-31T00:00:00,1938,Monthly,UNITEDSTAMONSUPM1,2020-07-13T15:10:00
United States,Money Supply M1,2011-06-30T00:00:00,1956,Monthly,UNITEDSTAMONSUPM1,2020-07-13T15:10:00
United States,Money Supply M1,2011-07-31T00:00:00,2001.6,Monthly,UNITEDSTAMONSUPM1,2020-07-13T15:10:00
United States,Money Supply M1,2011-08-31T00:00:00,2113.4,Monthly,UNITEDSTAMONSUPM1,2020-07-13T15:10:00
United States,Money Supply M1,2011-09-30T00:00:00,2127.7,Monthly,UNITEDSTAMONSUPM1,2020-07-13T15:10:00
United States,Money Supply M1,2011-10-31T00:00:00,2139.5,Monthly,UNITEDSTAMONSUPM1,2020-07-13T15:10:00
United States,Money Supply M1,2011-11-30T00:00:00,2166.8,Monthly,UNITEDSTAMONSUPM1,2020-07-13T15:10:00
United States,Money Supply M1,2011-12-31T00:00:00,2164.2,Monthly,UNITEDSTAMONSUPM1,2020-07-13T15:10:00
United States,Money Supply M1,2012-01-31T00:00:00,2201.9,Monthly,UNITEDSTAMONSUPM1,2020-07-13T15:10:00
United States,Money Supply M1,2012-02-29T00:00:00,2209.9,Monthly,UNITEDSTAMONSUPM1,2020-07-13T15:10:00
United States,Money Supply M1,2012-03-31T00:00:00,2228.8,Monthly,UNITEDSTAMONSUPM1,2020-07-13T15:10:00
United States,Money Supply M1,2012-04-30T00:00:00,2248.1,Monthly,UNITEDSTAMONSUPM1,2020-07-13T15:10:00
United States,Money Supply M1,2012-05-31T00:00:00,2256.6,Monthly,UNITEDSTAMONSUPM1,2020-07-13T15:10:00
United States,Money Supply M1,2012-06-30T00:00:00,2277,Monthly,UNITEDSTAMONSUPM1,2020-07-13T15:10:00
United States,Money Supply M1,2012-07-31T00:00:00,2318.1,Monthly,UNITEDSTAMONSUPM1,2020-07-13T15:10:00
United States,Money Supply M1,2012-08-31T00:00:00,2348.8,Monthly,UNITEDSTAMONSUPM1,2020-07-13T15:10:00
United States,Money Supply M1,2012-09-30T00:00:00,2390,Monthly,UNITEDSTAMONSUPM1,2020-07-13T15:10:00
United States,Money Supply M1,2012-10-31T00:00:00,2422,Monthly,UNITEDSTAMONSUPM1,2020-07-13T15:10:00
United States,Money Supply M1,2012-11-30T00:00:00,2423.5,Monthly,UNITEDSTAMONSUPM1,2020-07-13T15:10:00
United States,Money Supply M1,2012-12-31T00:00:00,2461.2,Monthly,UNITEDSTAMONSUPM1,2020-07-13T15:10:00
United States,Money Supply M1,2013-01-31T00:00:00,2473.4,Monthly,UNITEDSTAMONSUPM1,2020-07-13T15:10:00
United States,Money Supply M1,2013-02-28T00:00:00,2472.1,Monthly,UNITEDSTAMONSUPM1,2020-07-13T15:10:00
United States,Money Supply M1,2013-03-31T00:00:00,2480.2,Monthly,UNITEDSTAMONSUPM1,2020-07-13T15:10:00
United States,Money Supply M1,2013-04-30T00:00:00,2515.1,Monthly,UNITEDSTAMONSUPM1,2020-07-13T15:10:00
United States,Money Supply M1,2013-05-31T00:00:00,2530.2,Monthly,UNITEDSTAMONSUPM1,2020-07-13T15:10:00
United States,Money Supply M1,2013-06-30T00:00:00,2531.3,Monthly,UNITEDSTAMONSUPM1,2020-07-13T15:10:00
United States,Money Supply M1,2013-07-31T00:00:00,2545.6,Monthly,UNITEDSTAMONSUPM1,2015-04-25T21:13:00
United States,Money Supply M1,2013-08-31T00:00:00,2552.2,Monthly,UNITEDSTAMONSUPM1,2020-07-13T15:10:00
United States,Money Supply M1,2013-09-30T00:00:00,2584.5,Monthly,UNITEDSTAMONSUPM1,2020-07-13T15:10:00
United States,Money Supply M1,2013-10-31T00:00:00,2622.6,Monthly,UNITEDSTAMONSUPM1,2020-07-13T15:10:00
United States,Money Supply M1,2013-11-30T00:00:00,2625,Monthly,UNITEDSTAMONSUPM1,2020-07-13T15:10:00
United States,Money Supply M1,2013-12-31T00:00:00,2664.5,Monthly,UNITEDSTAMONSUPM1,2020-07-13T15:10:00
United States,Money Supply M1,2014-01-31T00:00:00,2696.3,Monthly,UNITEDSTAMONSUPM1,2020-07-13T15:10:00
United States,Money Supply M1,2014-02-28T00:00:00,2725.8,Monthly,UNITEDSTAMONSUPM1,2020-07-13T15:10:00
United States,Money Supply M1,2014-03-31T00:00:00,2754.7,Monthly,UNITEDSTAMONSUPM1,2020-07-13T15:10:00
United States,Money Supply M1,2014-04-30T00:00:00,2778.4,Monthly,UNITEDSTAMONSUPM1,2020-07-13T15:10:00
United States,Money Supply M1,2014-05-31T00:00:00,2794.7,Monthly,UNITEDSTAMONSUPM1,2020-07-13T15:10:00
United States,Money Supply M1,2014-06-30T00:00:00,2829.5,Monthly,UNITEDSTAMONSUPM1,2020-07-13T15:10:00
United States,Money Supply M1,2014-07-31T00:00:00,2842,Monthly,UNITEDSTAMONSUPM1,2020-07-13T15:10:00
United States,Money Supply M1,2014-08-31T00:00:00,2803.5,Monthly,UNITEDSTAMONSUPM1,2020-07-13T15:10:00
United States,Money Supply M1,2014-09-30T00:00:00,2862.4,Monthly,UNITEDSTAMONSUPM1,2020-07-13T15:10:00
United States,Money Supply M1,2014-10-31T00:00:00,2868.2,Monthly,UNITEDSTAMONSUPM1,2020-07-13T15:10:00
United States,Money Supply M1,2014-11-30T00:00:00,2886,Monthly,UNITEDSTAMONSUPM1,2020-07-13T15:10:00
United States,Money Supply M1,2014-12-31T00:00:00,2940.3,Monthly,UNITEDSTAMONSUPM1,2020-07-13T15:10:00
United States,Money Supply M1,2015-01-31T00:00:00,2940.5,Monthly,UNITEDSTAMONSUPM1,2020-07-13T15:10:00
United States,Money Supply M1,2015-02-28T00:00:00,3006.3,Monthly,UNITEDSTAMONSUPM1,2020-07-13T15:10:00
United States,Money Supply M1,2015-03-31T00:00:00,2999.6,Monthly,UNITEDSTAMONSUPM1,2020-07-13T15:10:00
United States,Money Supply M1,2015-04-30T00:00:00,3000.9,Monthly,UNITEDSTAMONSUPM1,2020-07-13T15:10:00
United States,Money Supply M1,2015-05-31T00:00:00,2986.4,Monthly,UNITEDSTAMONSUPM1,2020-07-13T15:10:00
United States,Money Supply M1,2015-06-30T00:00:00,3020.4,Monthly,UNITEDSTAMONSUPM1,2020-07-13T15:10:00
United States,Money Supply M1,2015-07-31T00:00:00,3040.5,Monthly,UNITEDSTAMONSUPM1,2020-07-13T15:10:00
United States,Money Supply M1,2015-08-31T00:00:00,3029.5,Monthly,UNITEDSTAMONSUPM1,2020-07-13T15:10:00
United States,Money Supply M1,2015-09-30T00:00:00,3045,Monthly,UNITEDSTAMONSUPM1,2020-07-13T15:10:00
United States,Money Supply M1,2015-10-31T00:00:00,3017.7,Monthly,UNITEDSTAMONSUPM1,2020-07-13T15:10:00
United States,Money Supply M1,2015-11-30T00:00:00,3081.4,Monthly,UNITEDSTAMONSUPM1,2020-07-13T15:10:00
United States,Money Supply M1,2015-12-31T00:00:00,3093.8,Monthly,UNITEDSTAMONSUPM1,2020-07-13T15:10:00
United States,Money Supply M1,2016-01-31T00:00:00,3097.8,Monthly,UNITEDSTAMONSUPM1,2020-07-13T15:10:00
United States,Money Supply M1,2016-02-29T00:00:00,3128.9,Monthly,UNITEDSTAMONSUPM1,2020-07-13T15:10:00
United States,Money Supply M1,2016-03-31T00:00:00,3152.3,Monthly,UNITEDSTAMONSUPM1,2020-07-13T15:10:00
United States,Money Supply M1,2016-04-30T00:00:00,3200.8,Monthly,UNITEDSTAMONSUPM1,2020-07-13T15:10:00
United States,Money Supply M1,2016-05-31T00:00:00,3239,Monthly,UNITEDSTAMONSUPM1,2020-07-13T15:10:00
United States,Money Supply M1,2016-06-30T00:00:00,3247.1,Monthly,UNITEDSTAMONSUPM1,2020-07-13T15:10:00
United States,Money Supply M1,2016-07-31T00:00:00,3248.7,Monthly,UNITEDSTAMONSUPM1,2020-07-13T15:10:00
United States,Money Supply M1,2016-08-31T00:00:00,3317.6,Monthly,UNITEDSTAMONSUPM1,2020-07-13T15:10:00
United States,Money Supply M1,2016-09-30T00:00:00,3326.8,Monthly,UNITEDSTAMONSUPM1,2020-07-13T15:10:00
United States,Money Supply M1,2016-10-31T00:00:00,3330.3,Monthly,UNITEDSTAMONSUPM1,2021-10-25T17:07:00
United States,Money Supply M1,2016-11-30T00:00:00,3354.7,Monthly,UNITEDSTAMONSUPM1,2021-10-25T17:07:00
United States,Money Supply M1,2016-12-31T00:00:00,3345.4,Monthly,UNITEDSTAMONSUPM1,2021-10-25T17:07:00
United States,Money Supply M1,2017-01-31T00:00:00,3398.2,Monthly,UNITEDSTAMONSUPM1,2021-10-25T17:07:00
United States,Money Supply M1,2017-02-28T00:00:00,3411.3,Monthly,UNITEDSTAMONSUPM1,2021-10-25T17:07:00
United States,Money Supply M1,2017-03-31T00:00:00,3456.2,Monthly,UNITEDSTAMONSUPM1,2021-10-25T17:07:00
United States,Money Supply M1,2017-04-30T00:00:00,3450.1,Monthly,UNITEDSTAMONSUPM1,2021-10-25T17:07:00
United States,Money Supply M1,2017-05-31T00:00:00,3512.8,Monthly,UNITEDSTAMONSUPM1,2021-10-25T17:07:00
United States,Money Supply M1,2017-06-30T00:00:00,3520.9,Monthly,UNITEDSTAMONSUPM1,2021-10-25T17:07:00
United States,Money Supply M1,2017-07-31T00:00:00,3541.8,Monthly,UNITEDSTAMONSUPM1,2021-10-25T17:07:00
United States,Money Supply M1,2017-08-31T00:00:00,3580.3,Monthly,UNITEDSTAMONSUPM1,2021-10-25T17:07:00
United States,Money Supply M1,2017-09-30T00:00:00,3563.4,Monthly,UNITEDSTAMONSUPM1,2021-10-25T17:07:00
United States,Money Supply M1,2017-10-31T00:00:00,3601.2,Monthly,UNITEDSTAMONSUPM1,2021-10-25T17:07:00
United States,Money Supply M1,2017-11-30T00:00:00,3631.9,Monthly,UNITEDSTAMONSUPM1,2021-10-25T17:07:00
United States,Money Supply M1,2017-12-31T00:00:00,3618.9,Monthly,UNITEDSTAMONSUPM1,2021-10-25T17:07:00
United States,Money Supply M1,2018-01-31T00:00:00,3668.4,Monthly,UNITEDSTAMONSUPM1,2021-10-25T17:07:00
United States,Money Supply M1,2018-02-28T00:00:00,3633.9,Monthly,UNITEDSTAMONSUPM1,2021-10-25T17:07:00
United States,Money Supply M1,2018-03-31T00:00:00,3672.5,Monthly,UNITEDSTAMONSUPM1,2021-10-25T17:07:00
United States,Money Supply M1,2018-04-30T00:00:00,3653.6,Monthly,UNITEDSTAMONSUPM1,2021-10-25T17:07:00
United States,Money Supply M1,2018-05-31T00:00:00,3646.2,Monthly,UNITEDSTAMONSUPM1,2021-10-25T17:07:00
United States,Money Supply M1,2018-06-30T00:00:00,3644.7,Monthly,UNITEDSTAMONSUPM1,2021-10-25T17:07:00
United States,Money Supply M1,2018-07-31T00:00:00,3669.2,Monthly,UNITEDSTAMONSUPM1,2021-10-25T17:07:00
United States,Money Supply M1,2018-08-31T00:00:00,3682.7,Monthly,UNITEDSTAMONSUPM1,2021-10-25T17:07:00
United States,Money Supply M1,2018-09-30T00:00:00,3692.3,Monthly,UNITEDSTAMONSUPM1,2021-10-25T17:07:00
United States,Money Supply M1,2018-10-31T00:00:00,3721.5,Monthly,UNITEDSTAMONSUPM1,2021-10-25T17:07:00
United States,Money Supply M1,2018-11-30T00:00:00,3708.4,Monthly,UNITEDSTAMONSUPM1,2021-10-25T17:07:00
United States,Money Supply M1,2018-12-31T00:00:00,3771.2,Monthly,UNITEDSTAMONSUPM1,2021-10-25T17:07:00
United States,Money Supply M1,2019-01-31T00:00:00,3772.9,Monthly,UNITEDSTAMONSUPM1,2021-10-25T17:07:00
United States,Money Supply M1,2019-02-28T00:00:00,3783.4,Monthly,UNITEDSTAMONSUPM1,2021-10-25T17:07:00
United States,Money Supply M1,2019-03-31T00:00:00,3746.4,Monthly,UNITEDSTAMONSUPM1,2021-10-25T17:07:00
United States,Money Supply M1,2019-04-30T00:00:00,3770.6,Monthly,UNITEDSTAMONSUPM1,2021-10-25T17:07:00
United States,Money Supply M1,2019-05-31T00:00:00,3775.4,Monthly,UNITEDSTAMONSUPM1,2021-10-25T17:07:00
United States,Money Supply M1,2019-06-30T00:00:00,3813.4,Monthly,UNITEDSTAMONSUPM1,2021-10-25T17:07:00
United States,Money Supply M1,2019-07-31T00:00:00,3844.8,Monthly,UNITEDSTAMONSUPM1,2021-07-23T17:14:00
United States,Money Supply M1,2019-08-31T00:00:00,3844,Monthly,UNITEDSTAMONSUPM1,2021-07-23T17:14:00
United States,Money Supply M1,2019-09-30T00:00:00,3887.7,Monthly,UNITEDSTAMONSUPM1,2021-07-23T17:14:00
United States,Money Supply M1,2019-10-31T00:00:00,3926.1,Monthly,UNITEDSTAMONSUPM1,2021-07-23T17:14:00
United States,Money Supply M1,2019-11-30T00:00:00,3955.6,Monthly,UNITEDSTAMONSUPM1,2021-07-23T17:14:00
United States,Money Supply M1,2019-12-31T00:00:00,4011.2,Monthly,UNITEDSTAMONSUPM1,2021-07-23T17:14:00
United States,Money Supply M1,2020-01-31T00:00:00,4019.2,Monthly,UNITEDSTAMONSUPM1,2021-10-25T17:07:00
United States,Money Supply M1,2020-02-29T00:00:00,4028.4,Monthly,UNITEDSTAMONSUPM1,2021-10-25T17:07:00
United States,Money Supply M1,2020-03-31T00:00:00,4281.3,Monthly,UNITEDSTAMONSUPM1,2021-10-25T17:07:00
United States,Money Supply M1,2020-04-30T00:00:00,4774.4,Monthly,UNITEDSTAMONSUPM1,2021-10-25T17:07:00
United States,Money Supply M1,2020-05-31T00:00:00,16262,Monthly,UNITEDSTAMONSUPM1,2021-10-25T17:07:00
United States,Money Supply M1,2020-06-30T00:00:00,16583.8,Monthly,UNITEDSTAMONSUPM1,2021-10-25T17:07:00
United States,Money Supply M1,2020-07-31T00:00:00,16773.8,Monthly,UNITEDSTAMONSUPM1,2021-10-25T17:07:00
United States,Money Supply M1,2020-08-31T00:00:00,16887,Monthly,UNITEDSTAMONSUPM1,2021-10-25T17:07:00
United States,Money Supply M1,2020-09-30T00:00:00,17156.8,Monthly,UNITEDSTAMONSUPM1,2021-10-25T17:07:00
United States,Money Supply M1,2020-10-31T00:00:00,17346.8,Monthly,UNITEDSTAMONSUPM1,2021-10-25T17:07:00
United States,Money Supply M1,2020-11-30T00:00:00,17589.1,Monthly,UNITEDSTAMONSUPM1,2021-10-25T17:07:00
United States,Money Supply M1,2020-12-31T00:00:00,17812.4,Monthly,UNITEDSTAMONSUPM1,2021-10-25T17:07:00
United States,Money Supply M1,2021-01-31T00:00:00,18100.6,Monthly,UNITEDSTAMONSUPM1,2021-10-25T17:07:00
United States,Money Supply M1,2021-02-28T00:00:00,18389.4,Monthly,UNITEDSTAMONSUPM1,2021-10-25T17:07:00
United States,Money Supply M1,2021-03-31T00:00:00,18669.4,Monthly,UNITEDSTAMONSUPM1,2021-10-25T17:07:00
United States,Money Supply M1,2021-04-30T00:00:00,18915.7,Monthly,UNITEDSTAMONSUPM1,2021-10-25T17:07:00
United States,Money Supply M1,2021-05-31T00:00:00,19192.9,Monthly,UNITEDSTAMONSUPM1,2021-10-25T17:07:00
United States,Money Supply M1,2021-06-30T00:00:00,19238.2,Monthly,UNITEDSTAMONSUPM1,2021-10-25T17:07:00
United States,Money Supply M1,2021-07-31T00:00:00,19401.7,Monthly,UNITEDSTAMONSUPM1,2021-10-25T17:07:00
United States,Money Supply M1,2021-08-31T00:00:00,19677.7,Monthly,UNITEDSTAMONSUPM1,2021-10-02T10:05:00
United States,Money Supply M1,2021-09-30T00:00:00,19862.2,Monthly,UNITEDSTAMONSUPM1,2021-10-30T10:05:00
United States,Money Supply M1,2021-10-31T00:00:00,20083.1,Monthly,UNITEDSTAMONSUPM1,2021-11-27T10:04:00
United States,Money Supply M1,2021-11-30T00:00:00,20345,Monthly,UNITEDSTAMONSUPM1,2022-01-01T10:05:00
